回,セット球,本数字1,本数字2,本数字3,本数字4,本数字5,本数字6,ボーナス,奇数偶数(本),合計(本),奇数偶数(全),合計(全)
1,A,2,8,10,13,27,30,39,2：4,90,3：4,129
2,G,1,9,16,20,21,43,5,4：2,110,5：2,115
3,C,1,5,15,31,36,38,13,4：2,126,5：2,139
4,H,16,18,26,27,34,40,13,1：5,161,2：5,174
5,F,9,15,21,23,27,28,43,5：1,123,6：1,166
6,I,6,12,23,25,28,38,22,2：4,132,2：5,154
7,E,7,19,21,23,33,35,26,6：0,138,6：1,164
8,B,11,16,18,20,42,43,28,2：4,150,2：5,178
9,C,11,19,23,38,39,42,15,4：2,172,5：2,187
10,J,1,3,19,21,35,39,26,6：0,118,6：1,144
11,D,12,26,32,37,40,42,16,1：5,189,1：6,205
12,E,14,17,27,28,35,39,22,4：2,160,4：3,182
13,H,13,29,31,37,41,42,17,5：1,193,6：1,210
14,F,2,8,11,35,37,38,43,3：3,131,4：3,174
15,I,4,6,11,20,21,28,36,2：4,90,2：5,126
16,A,5,12,13,29,34,35,30,4：2,128,4：3,158
17,G,14,20,25,34,35,36,11,2：4,164,3：4,175
18,H,6,16,18,27,36,41,33,2：4,144,3：4,177
19,B,4,8,12,30,33,43,14,2：4,130,2：5,144
20,D,7,29,33,35,37,39,19,6：0,180,7：0,199
21,C,5,7,13,19,38,41,42,5：1,123,5：2,165
22,J,8,12,16,19,20,35,41,2：4,110,3：4,151
23,G,7,10,28,32,33,40,13,2：4,150,3：4,163
24,C,15,18,19,30,36,38,13,2：4,156,3：4,169
25,E,11,32,34,37,40,43,8,3：3,197,3：4,205
26,G,3,4,11,12,13,43,22,4：2,86,4：3,108
27,A,4,8,20,30,33,38,10,1：5,133,1：6,143
28,F,6,11,15,20,31,41,7,4：2,124,5：2,131
29,I,8,12,20,35,37,40,33,2：4,152,3：4,185
30,B,4,16,17,19,26,37,8,3：3,119,3：4,127
31,J,7,18,22,25,28,43,4,3：3,143,3：4,147
32,H,3,6,7,23,29,41,33,5：1,109,6：1,142
33,C,8,17,22,25,29,41,13,4：2,142,5：2,155
34,D,2,20,25,30,37,40,10,2：4,154,2：5,164
35,E,3,5,13,30,32,41,28,4：2,124,4：3,152
36,A,1,16,20,23,30,40,17,2：4,130,3：4,147
37,G,3,5,9,17,21,41,26,6：0,96,6：1,122
38,F,2,9,26,27,34,43,42,3：3,141,3：4,183
39,C,10,18,22,25,39,42,17,2：4,156,3：4,173
40,H,5,17,25,34,38,39,2,4：2,158,4：3,160
41,I,18,21,27,33,36,38,23,3：3,173,4：3,196
42,H,4,15,21,24,33,37,9,4：2,134,5：2,143
43,B,1,2,3,15,24,26,27,3：3,71,4：3,98
44,D,3,16,24,31,34,42,36,2：4,150,2：5,186
45,J,7,9,28,32,36,38,8,2：4,150,2：5,158
46,A,11,14,21,24,25,42,41,3：3,137,4：3,178
47,F,3,11,14,25,27,31,22,5：1,111,5：2,133
48,J,2,5,28,30,33,40,26,2：4,138,2：5,164
49,H,2,13,21,31,32,41,35,4：2,140,5：2,175
50,G,5,13,15,25,27,39,40,6：0,124,6：1,164
51,F,7,15,24,37,38,41,34,4：2,162,4：3,196
52,I,1,16,24,25,36,42,21,2：4,144,3：4,165
53,C,2,15,23,37,40,43,25,4：2,160,5：2,185
54,A,14,25,26,31,37,42,7,3：3,175,4：3,182
55,B,11,12,13,14,37,39,28,4：2,126,4：3,154
56,D,10,13,25,31,32,42,40,3：3,153,3：4,193
57,E,2,14,22,27,35,42,34,2：4,142,2：5,176
58,H,4,8,9,13,16,25,28,3：3,75,3：4,103
59,J,9,15,17,30,32,41,31,4：2,144,5：2,175
60,F,20,21,23,28,30,42,29,2：4,164,3：4,193
61,A,4,8,22,25,27,28,6,2：4,114,2：5,120
62,G,2,3,9,12,15,30,42,3：3,71,3：4,113
63,C,11,16,20,28,34,40,22,1：5,149,1：6,171
64,J,2,14,19,22,32,41,9,2：4,130,3：4,139
65,I,2,10,22,23,31,43,28,3：3,131,3：4,159
66,A,7,15,17,30,33,35,14,5：1,137,5：2,151
67,B,1,4,6,11,18,25,3,3：3,65,4：3,68
68,D,16,23,30,35,37,39,38,4：2,180,4：3,218
69,J,1,9,31,35,40,41,14,5：1,157,5：2,171
70,E,6,11,20,23,24,31,17,3：3,115,4：3,132
71,C,1,10,11,13,19,20,3,4：2,74,5：2,77
72,H,10,12,24,29,33,37,34,3：3,145,3：4,179
73,A,1,6,15,19,27,36,25,4：2,104,5：2,129
74,F,3,14,27,28,40,43,39,3：3,155,4：3,194
75,B,2,4,9,19,23,31,18,4：2,88,4：3,106
76,F,1,10,12,16,20,35,29,2：4,94,3：4,123
77,I,5,10,15,28,37,38,13,3：3,133,4：3,146
78,H,5,14,23,32,33,43,37,4：2,150,5：2,187
79,G,20,22,27,32,36,43,23,2：4,180,3：4,203
80,A,1,4,12,16,19,34,18,2：4,86,2：5,104
81,J,1,11,15,23,26,27,41,5：1,103,6：1,144
82,E,10,12,19,25,26,39,28,3：3,131,3：4,159
83,F,1,16,21,28,35,37,30,4：2,138,4：3,168
84,D,17,19,26,28,35,37,40,4：2,162,4：3,202
85,I,5,13,18,22,23,32,28,3：3,113,3：4,141
86,A,3,7,16,24,29,36,26,3：3,115,3：4,141
87,C,3,8,12,36,39,41,10,3：3,139,3：4,149
88,F,5,6,8,20,21,26,30,2：4,86,2：5,116
89,H,3,13,23,30,35,43,21,5：1,147,6：1,168
90,B,13,15,17,18,30,32,9,3：3,125,4：3,134
91,E,13,15,17,26,41,43,6,5：1,155,5：2,161
92,H,5,17,20,24,28,40,16,2：4,134,2：5,150
93,C,10,23,33,36,37,41,28,4：2,180,4：3,208
94,B,11,16,17,18,29,40,9,3：3,131,4：3,140
95,F,2,3,12,15,25,27,33,4：2,84,5：2,117
96,C,1,13,15,34,36,43,37,4：2,142,5：2,179
97,E,4,10,17,34,35,42,43,2：4,142,3：4,185
98,A,7,16,34,37,38,39,8,3：3,171,3：4,179
99,F,5,9,12,28,29,39,27,4：2,122,5：2,149
100,J,6,8,11,14,31,33,23,3：3,103,4：3,126
101,A,21,27,29,30,36,40,23,3：3,183,4：3,206
102,D,4,5,18,27,35,36,41,3：3,125,4：3,166
103,B,1,16,17,27,29,34,39,4：2,124,5：2,163
104,G,1,11,17,26,28,35,12,4：2,118,4：3,130
105,E,1,9,14,22,25,34,18,3：3,105,3：4,123
106,C,8,11,21,22,25,27,26,4：2,114,4：3,140
107,I,4,5,11,12,28,32,37,2：4,92,3：4,129
108,D,9,22,23,25,34,37,8,4：2,150,4：3,158
109,A,2,5,12,18,30,41,24,2：4,108,2：5,132
110,E,5,6,8,19,37,41,9,4：2,116,5：2,125
111,H,11,15,21,31,32,43,24,5：1,153,5：2,177
112,D,16,18,23,25,29,30,41,3：3,141,4：3,182
113,B,3,17,27,29,30,42,6,4：2,148,4：3,154
114,H,7,13,14,29,38,42,9,3：3,143,4：3,152
115,E,8,9,11,27,37,39,18,5：1,131,5：2,149
116,J,8,10,15,16,26,31,42,2：4,106,2：5,148
117,F,5,7,19,20,38,43,4,4：2,132,4：3,136
118,D,9,13,21,30,32,37,20,4：2,142,4：3,162
119,H,3,4,11,12,15,30,17,3：3,75,4：3,92
120,C,15,18,22,25,36,40,14,2：4,156,2：5,170
121,E,3,8,10,22,28,41,35,2：4,112,3：4,147
122,B,19,20,21,25,33,42,41,4：2,160,5：2,201
123,G,14,21,26,28,29,31,8,3：3,149,3：4,157
124,C,4,17,23,30,39,40,28,3：3,153,3：4,181
125,I,11,15,19,30,36,41,10,4：2,152,4：3,162
126,A,5,6,9,10,21,38,20,3：3,89,3：4,109
127,F,14,16,21,26,37,40,3,2：4,154,3：4,157
128,D,6,10,18,20,29,39,21,2：4,122,3：4,143
129,G,6,18,25,26,30,42,24,1：5,147,1：6,171
130,B,22,30,31,34,38,39,2,2：4,194,2：5,196
131,H,6,30,33,34,40,43,1,2：4,186,3：4,187
132,A,3,18,23,31,32,37,1,4：2,144,5：2,145
133,C,17,24,26,35,40,41,16,3：3,183,3：4,199
134,E,2,6,11,14,18,19,21,2：4,70,3：4,91
135,I,7,13,30,33,35,36,11,4：2,154,5：2,165
136,F,3,13,26,31,32,39,1,4：2,144,5：2,145
137,J,10,13,20,22,25,42,14,2：4,132,2：5,146
138,B,7,9,10,16,23,29,18,4：2,94,4：3,112
139,D,10,21,22,28,37,41,12,3：3,159,3：4,171
140,H,17,19,29,37,39,40,10,5：1,181,5：2,191
141,F,8,9,14,24,32,39,30,2：4,126,2：5,156
142,G,2,16,22,27,29,39,38,3：3,135,3：4,173
143,A,17,21,22,27,33,41,43,5：1,161,6：1,204
144,G,1,16,19,33,38,41,43,4：2,148,5：2,191
145,I,1,4,10,21,23,38,7,3：3,97,4：3,104
146,A,7,17,27,36,37,39,4,5：1,163,5：2,167
147,E,16,18,20,29,30,38,27,1：5,151,2：5,178
148,C,3,16,18,20,28,29,9,2：4,114,3：4,123
149,H,8,9,13,20,33,37,19,4：2,120,5：2,139
150,J,10,11,18,20,31,43,27,3：3,133,4：3,160
151,B,3,8,17,25,28,32,27,3：3,113,4：3,140
152,A,4,8,12,16,31,33,17,2：4,104,3：4,121
153,E,4,7,8,12,25,26,41,2：4,82,3：4,123
154,F,7,9,18,26,27,38,14,3：3,125,3：4,139
155,G,5,6,7,18,22,27,41,3：3,85,4：3,126
156,B,6,20,22,29,30,35,39,2：4,142,3：4,181
157,D,5,8,17,19,25,27,21,5：1,101,6：1,122
158,H,1,6,12,35,37,38,30,3：3,129,3：4,159
159,I,12,23,30,31,38,42,6,2：4,176,2：5,182
160,C,4,10,20,30,31,32,26,1：5,127,1：6,153
161,J,23,26,28,33,38,42,8,2：4,190,2：5,198
162,A,3,22,25,30,33,37,35,4：2,150,5：2,185
163,E,2,3,11,17,24,34,28,3：3,91,3：4,119
164,G,1,2,13,14,35,38,32,3：3,103,3：4,135
165,I,9,11,16,21,25,36,10,4：2,118,4：3,128
166,H,14,18,20,28,34,38,17,0：6,152,1：6,169
167,D,10,14,17,19,29,42,2,3：3,131,3：4,133
168,B,1,6,31,32,36,39,42,3：3,145,3：4,187
169,F,3,15,17,19,26,36,39,4：2,116,5：2,155
170,C,10,12,15,17,30,31,6,3：3,115,3：4,121
171,A,5,6,17,23,32,33,39,4：2,116,5：2,155
172,J,10,11,22,23,33,34,27,3：3,133,4：3,160
173,E,6,10,22,30,31,35,18,2：4,134,2：5,152
174,F,2,9,16,36,38,42,6,1：5,143,1：6,149
175,D,2,3,10,22,28,40,43,1：5,105,2：5,148
176,G,8,19,25,31,34,37,30,4：2,154,4：3,184
177,G,6,18,19,30,36,41,27,2：4,150,3：4,177
178,I,10,22,27,30,36,39,4,2：4,164,2：5,168
179,A,3,6,11,13,15,16,23,4：2,64,5：2,87
180,B,4,10,11,12,20,36,28,1：5,93,1：6,121
181,H,1,2,7,21,29,30,23,4：2,90,5：2,113
182,E,22,23,28,37,40,43,30,3：3,193,3：4,223
183,C,14,29,31,36,38,40,33,2：4,188,3：4,221
184,G,5,7,23,31,39,42,19,5：1,147,6：1,166
185,A,8,13,14,18,35,41,33,3：3,129,4：3,162
186,I,7,16,18,33,36,41,4,3：3,151,3：4,155
187,B,12,21,22,27,39,40,25,3：3,161,4：3,186
188,J,3,8,18,25,26,39,38,3：3,119,3：4,157
189,F,3,32,35,36,39,40,5,3：3,185,4：3,190
190,I,17,23,30,31,39,43,42,5：1,183,5：2,225
191,C,4,7,25,27,34,43,35,4：2,140,5：2,175
192,C,3,7,19,27,39,41,10,6：0,136,6：1,146
193,D,3,4,18,31,40,43,22,3：3,139,3：4,161
194,C,4,11,12,21,36,38,37,2：4,122,3：4,159
195,F,5,10,12,22,26,41,19,2：4,116,3：4,135
196,E,4,5,11,16,30,33,14,3：3,99,3：4,113
197,H,9,10,17,22,28,30,19,2：4,116,3：4,135
198,G,4,5,6,17,20,42,10,2：4,94,2：5,104
199,I,3,14,24,25,33,36,41,3：3,135,4：3,176
200,B,4,7,11,19,25,28,2,4：2,94,4：3,96
201,F,10,13,16,17,24,39,43,3：3,119,4：3,162
202,A,9,18,26,28,33,40,10,2：4,154,2：5,164
203,F,12,18,20,27,35,37,39,3：3,149,4：3,188
204,D,2,17,20,25,39,42,30,3：3,145,3：4,175
205,E,4,7,9,16,18,34,26,2：4,88,2：5,114
206,C,1,3,16,22,41,43,13,4：2,126,5：2,139
207,J,17,21,23,30,31,34,5,4：2,156,5：2,161
208,H,18,24,29,32,35,39,23,3：3,177,4：3,200
209,B,8,27,30,35,40,41,9,3：3,181,4：3,190
210,G,1,6,21,22,37,40,19,3：3,127,4：3,146
211,I,10,14,23,26,33,36,24,2：4,142,2：5,166
212,A,1,11,17,32,35,39,20,5：1,135,5：2,155
213,D,4,7,18,26,29,43,8,3：3,127,3：4,135
214,F,4,7,9,11,20,36,32,3：3,87,3：4,119
215,C,1,4,13,18,22,31,30,3：3,89,3：4,119
216,E,9,21,29,33,35,41,27,6：0,168,7：0,195
217,J,8,19,23,27,29,39,28,5：1,145,5：2,173
218,G,8,10,18,22,31,36,4,1：5,125,1：6,129
219,B,27,28,29,34,35,39,33,4：2,192,5：2,225
220,A,23,25,26,29,33,37,40,5：1,173,5：2,213
221,F,8,27,30,31,38,42,13,2：4,176,3：4,189
222,D,4,14,15,22,29,31,20,3：3,115,3：4,135
223,C,7,9,19,26,30,32,3,3：3,123,4：3,126
224,E,12,17,18,19,30,35,13,3：3,131,4：3,144
225,I,9,11,21,31,35,38,13,5：1,145,6：1,158
226,J,8,26,36,40,42,43,21,1：5,195,2：5,216
227,A,6,13,17,29,32,36,35,3：3,133,4：3,168
228,D,5,8,17,26,36,39,34,3：3,131,3：4,165
229,B,8,16,21,24,27,36,20,2：4,132,2：5,152
230,G,4,9,18,31,36,42,34,2：4,140,2：5,174
231,C,1,4,6,16,18,43,41,2：4,88,3：4,129
232,E,1,5,7,26,39,43,32,5：1,121,5：2,153
233,J,6,18,26,40,41,42,9,1：5,173,2：5,182
234,A,11,17,24,26,27,30,19,3：3,135,4：3,154
235,B,6,21,23,24,28,39,38,3：3,141,3：4,179
236,H,1,8,9,14,34,38,4,2：4,104,2：5,108
237,E,1,3,11,13,27,37,30,6：0,92,6：1,122
238,I,5,10,15,20,33,37,30,4：2,120,4：3,150
239,D,4,9,18,30,31,40,24,2：4,132,2：5,156
240,F,11,15,26,31,36,39,12,4：2,158,4：3,170
241,A,8,14,27,33,36,40,20,2：4,158,2：5,178
242,A,1,10,13,22,29,32,38,3：3,107,3：4,145
243,B,5,34,35,38,42,43,8,3：3,197,3：4,205
244,G,11,12,30,36,38,39,37,2：4,166,3：4,203
245,C,3,6,18,24,28,36,21,1：5,115,2：5,136
246,J,16,28,32,34,39,42,38,1：5,191,1：6,229
247,F,8,16,30,32,34,39,13,1：5,159,2：5,172
248,A,11,32,35,36,39,41,6,4：2,194,4：3,200
249,D,1,3,17,23,33,35,18,6：0,112,6：1,130
250,I,3,8,9,13,22,42,11,3：3,97,4：3,108
251,G,2,12,19,25,29,36,26,3：3,123,3：4,149
252,E,2,6,13,22,32,33,12,2：4,108,2：5,120
253,G,15,16,19,22,36,43,13,3：3,151,4：3,164
254,H,12,13,22,23,25,29,40,4：2,124,4：3,164
255,F,6,7,12,17,34,42,8,2：4,118,2：5,126
256,A,15,17,18,28,30,37,40,3：3,145,3：4,185
257,B,7,15,29,30,39,40,11,4：2,160,5：2,171
258,I,3,15,16,17,25,31,40,5：1,107,5：2,147
259,D,1,12,15,23,34,42,27,3：3,127,4：3,154
260,G,11,15,21,31,37,41,30,6：0,156,6：1,186
261,C,6,17,18,21,35,41,32,4：2,138,4：3,170
262,H,5,7,11,19,21,25,27,6：0,88,7：0,115
263,C,1,5,13,22,39,41,4,5：1,121,5：2,125
264,F,2,5,6,8,20,27,43,2：4,68,3：4,111
265,A,2,3,16,22,23,28,40,2：4,94,2：5,134
266,J,11,15,18,24,30,39,7,3：3,137,4：3,144
267,I,3,5,8,22,35,38,41,3：3,111,4：3,152
268,D,3,6,8,14,24,36,15,1：5,91,2：5,106
269,E,1,10,13,15,21,23,36,5：1,83,5：2,119
270,B,17,19,21,29,33,38,30,5：1,157,5：2,187
271,G,9,10,19,25,40,41,8,4：2,144,4：3,152
272,H,7,12,13,20,23,26,41,3：3,101,4：3,142
273,A,4,18,20,21,29,40,37,2：4,132,3：4,169
274,C,4,5,14,27,31,39,6,4：2,120,4：3,126
275,F,4,13,15,31,33,40,8,4：2,136,4：3,144
276,J,6,11,27,30,33,36,34,3：3,143,3：4,177
277,I,7,9,18,20,30,38,23,2：4,122,3：4,145
278,B,9,13,14,17,22,38,33,3：3,113,4：3,146
279,E,7,11,12,23,30,43,27,4：2,126,5：2,153
280,D,6,12,26,37,38,39,25,2：4,158,3：4,183
281,G,3,9,10,11,19,35,30,5：1,87,5：2,117
282,A,1,9,17,31,41,43,23,6：0,142,7：0,165
283,C,6,9,16,22,27,37,36,3：3,117,3：4,153
284,G,20,26,30,33,35,38,4,2：4,182,2：5,186
285,H,1,3,9,14,16,29,37,4：2,72,5：2,109
286,E,10,11,14,28,31,41,3,3：3,135,4：3,138
287,A,1,5,18,34,35,39,7,4：2,132,5：2,139
288,I,3,4,11,25,28,33,35,4：2,104,5：2,139
289,C,7,9,12,17,34,38,3,3：3,117,4：3,120
290,J,11,13,15,17,22,43,8,5：1,121,5：2,129
291,F,10,15,20,28,41,43,19,3：3,157,4：3,176
292,H,7,14,27,31,34,39,40,4：2,152,4：3,192
293,B,6,8,15,17,36,43,38,3：3,125,3：4,163
294,D,2,5,13,14,17,20,21,3：3,71,4：3,92
295,E,9,12,18,20,37,43,5,3：3,139,4：3,144
296,G,4,19,27,30,31,37,10,4：2,148,4：3,158
297,C,6,8,9,20,38,40,2,1：5,121,1：6,123
298,F,12,25,29,31,35,40,26,4：2,172,4：3,198
299,I,2,4,5,17,35,41,18,4：2,104,4：3,122
300,E,4,7,29,33,36,39,9,4：2,148,5：2,157
301,B,4,5,6,9,10,11,33,3：3,45,4：3,78
302,H,2,4,13,23,38,40,24,2：4,120,2：5,144
303,D,4,24,31,35,37,39,13,4：2,170,5：2,183
304,G,3,7,8,15,17,31,27,5：1,81,6：1,108
305,J,1,2,5,23,31,34,43,4：2,96,5：2,139
306,A,1,20,25,28,31,42,2,3：3,147,3：4,149
307,C,1,7,11,32,33,40,27,4：2,124,5：2,151
308,E,3,13,18,20,23,28,35,3：3,105,4：3,140
309,A,1,4,26,36,41,42,9,2：4,150,3：4,159
310,F,3,4,5,18,28,37,26,3：3,95,3：4,121
311,I,1,16,22,36,37,42,34,2：4,154,2：5,188
312,D,2,17,22,29,38,42,16,2：4,150,2：5,166
313,H,1,19,21,31,32,40,33,4：2,144,5：2,177
314,B,3,8,14,30,38,43,6,2：4,136,2：5,142
315,J,1,2,17,24,40,41,31,3：3,125,4：3,156
316,G,3,4,20,30,40,41,31,2：4,138,3：4,169
317,E,7,8,15,30,35,36,40,3：3,131,3：4,171
318,C,2,7,13,16,36,37,41,3：3,111,4：3,152
319,A,15,20,23,28,37,40,17,3：3,163,4：3,180
320,F,1,5,25,27,38,41,9,5：1,137,6：1,146
321,A,21,29,31,36,38,41,10,4：2,196,4：3,206
322,D,18,19,22,25,35,42,36,3：3,161,3：4,197
323,H,9,11,21,23,33,39,26,6：0,136,6：1,162
324,E,5,13,27,37,39,41,36,6：0,162,6：1,198
325,I,6,7,18,29,33,39,43,4：2,132,5：2,175
326,C,1,7,9,14,23,43,19,5：1,97,6：1,116
327,B,6,12,14,28,31,36,35,1：5,127,2：5,162
328,G,3,7,10,12,19,36,35,3：3,87,4：3,122
329,J,6,8,15,17,39,40,37,3：3,125,4：3,162
330,F,5,12,16,19,28,39,34,3：3,119,3：4,153
331,I,2,8,17,24,32,38,35,1：5,121,2：5,156
332,A,7,8,16,24,26,34,19,1：5,115,2：5,134
333,B,1,5,7,15,41,42,38,5：1,111,5：2,149
334,E,11,14,17,18,34,36,23,2：4,130,3：4,153
335,G,4,5,10,23,36,42,8,2：4,120,2：5,128
336,C,3,6,13,17,20,29,11,4：2,88,5：2,99
337,H,5,15,16,20,34,39,29,3：3,129,4：3,158
338,A,8,10,25,31,39,40,35,3：3,153,4：3,188
339,J,3,5,9,26,34,36,12,3：3,113,3：4,125
340,D,4,10,13,31,35,42,7,3：3,135,4：3,142
341,C,4,14,23,25,28,35,41,3：3,129,4：3,170
342,F,8,15,26,27,34,38,10,2：4,148,2：5,158
343,B,13,28,29,37,38,41,35,4：2,186,5：2,221
344,G,8,11,16,20,28,36,42,1：5,119,1：6,161
345,C,10,21,22,25,35,37,18,4：2,150,4：3,168
346,J,4,9,11,12,32,38,16,2：4,106,2：5,122
347,E,8,20,23,27,32,33,13,3：3,143,4：3,156
348,I,4,5,6,27,36,38,13,2：4,116,3：4,129
349,A,8,13,15,19,20,30,25,3：3,105,4：3,130
350,H,13,18,25,26,29,40,6,3：3,151,3：4,157
351,G,3,13,16,24,26,43,15,3：3,125,4：3,140
352,D,6,8,24,25,34,38,10,1：5,135,1：6,145
353,B,1,9,15,16,22,26,29,3：3,89,4：3,118
354,B,4,6,22,31,34,41,43,2：4,138,3：4,181
355,A,1,11,24,26,36,37,39,3：3,135,4：3,174
356,E,1,5,8,12,17,29,28,4：2,72,4：3,100
357,C,2,10,11,12,19,38,6,2：4,92,2：5,98
358,H,12,31,32,34,39,42,30,2：4,190,2：5,220
359,F,3,5,19,20,23,27,40,5：1,97,5：2,137
360,B,2,3,6,14,26,42,25,1：5,93,2：5,118
361,J,1,21,28,30,37,43,31,4：2,160,5：2,191
362,G,7,10,15,20,37,40,28,3：3,129,3：4,157
363,I,3,6,7,22,27,31,4,4：2,96,4：3,100
364,D,7,11,12,19,33,42,36,4：2,124,4：3,160
365,A,6,19,20,28,36,37,11,2：4,146,3：4,157
366,F,12,13,15,18,30,41,21,3：3,129,4：3,150
367,H,10,13,17,38,41,43,28,4：2,162,4：3,190
368,E,7,10,18,21,33,35,13,4：2,124,5：2,137
369,C,3,9,12,16,18,37,14,3：3,95,3：4,109
370,G,2,11,13,15,16,32,43,3：3,89,4：3,132
371,B,14,15,23,24,32,34,31,2：4,142,3：4,173
372,J,7,19,28,33,35,39,21,5：1,161,6：1,182
373,A,7,14,15,19,35,43,30,5：1,133,5：2,163
374,I,4,24,25,26,27,34,28,2：4,140,2：5,168
375,F,7,9,14,17,36,37,11,4：2,120,5：2,131
376,D,20,21,25,27,34,38,16,3：3,165,3：4,181
377,B,2,3,8,20,21,24,13,2：4,78,3：4,91
378,H,11,13,19,26,36,43,31,4：2,148,5：2,179
379,G,8,13,15,21,33,34,5,4：2,124,5：2,129
380,C,17,22,25,26,27,43,16,4：2,160,4：3,176
381,E,4,13,15,22,39,41,30,4：2,134,4：3,164
382,A,2,6,15,28,29,43,14,3：3,123,3：4,137
383,I,7,12,17,18,24,28,43,2：4,106,3：4,149
384,F,17,19,20,22,33,41,35,4：2,152,5：2,187
385,D,6,31,34,35,37,40,7,3：3,183,4：3,190
386,C,2,9,11,15,23,25,27,5：1,85,6：1,112
387,B,12,16,19,27,30,32,38,2：4,136,2：5,174
388,H,5,12,14,18,20,31,2,2：4,100,2：5,102
389,J,6,12,22,25,31,35,28,3：3,131,3：4,159
390,A,5,16,17,22,39,43,21,4：2,142,5：2,163
391,G,8,20,23,24,29,38,43,2：4,142,3：4,185
392,D,10,15,18,30,31,37,11,3：3,141,4：3,152
393,E,7,18,27,37,38,43,35,4：2,170,5：2,205
394,I,14,27,28,31,37,40,18,3：3,177,3：4,195
395,F,15,21,26,28,42,43,39,3：3,175,4：3,214
396,B,9,12,21,26,33,40,5,3：3,141,4：3,146
397,C,15,16,23,30,39,43,11,4：2,166,5：2,177
398,J,2,31,36,37,39,43,13,4：2,188,5：2,201
399,E,1,14,17,28,31,37,21,4：2,128,5：2,149
400,H,4,9,19,22,23,33,38,4：2,110,4：3,148
401,G,14,15,27,34,35,42,37,3：3,167,4：3,204
402,D,3,18,23,24,29,33,28,4：2,130,4：3,158
403,F,8,10,13,20,24,33,23,2：4,108,3：4,131
404,I,3,10,14,18,26,43,33,2：4,114,3：4,147
405,A,6,13,19,20,30,31,8,3：3,119,3：4,127
406,B,1,2,4,16,36,37,40,2：4,96,2：5,136
407,H,11,18,19,30,37,39,38,4：2,154,4：3,192
408,C,12,20,23,28,31,32,39,2：4,146,3：4,185
409,E,6,13,17,27,28,36,33,3：3,127,4：3,160
410,F,2,12,16,20,42,43,28,1：5,135,1：6,163
411,A,2,4,6,24,35,39,34,2：4,110,2：5,144
412,G,2,6,7,9,16,19,33,3：3,59,4：3,92
413,J,2,14,15,26,35,37,25,3：3,129,4：3,154
414,B,1,2,4,5,9,25,15,4：2,46,5：2,61
415,D,9,28,33,34,37,43,41,4：2,184,5：2,225
416,I,12,15,22,24,29,37,6,3：3,139,3：4,145
417,H,3,20,23,30,31,37,6,4：2,144,4：3,150
418,C,3,12,16,25,32,36,34,2：4,124,2：5,158
419,E,5,8,16,25,26,30,1,2：4,110,3：4,111
420,A,14,19,21,28,29,31,24,4：2,142,4：3,166
421,C,2,6,8,10,25,34,31,1：5,85,2：5,116
422,F,5,6,7,8,28,38,36,2：4,92,2：5,128
423,J,1,2,3,30,35,36,21,3：3,107,4：3,128
424,G,3,13,17,25,40,41,4,5：1,139,5：2,143
425,I,2,3,12,20,34,43,4,2：4,114,2：5,118
426,D,6,8,9,29,32,37,4,3：3,121,3：4,125
427,B,5,12,13,33,39,42,20,4：2,144,4：3,164
428,H,8,16,18,35,42,43,13,2：4,162,3：4,175
429,E,17,25,29,33,37,42,7,5：1,183,6：1,190
430,A,1,8,18,26,34,42,21,1：5,129,2：5,150
431,C,1,5,19,20,35,41,33,5：1,121,6：1,154
432,F,8,20,23,24,42,43,16,2：4,160,2：5,176
433,J,3,9,11,24,26,34,25,3：3,107,4：3,132
434,H,3,12,19,33,35,36,37,4：2,138,5：2,175
435,I,2,11,12,28,35,37,27,3：3,125,4：3,152
436,G,4,12,21,22,27,38,31,2：4,124,3：4,155
437,B,2,5,11,21,23,43,15,5：1,105,6：1,120
438,D,3,9,16,17,20,31,42,4：2,96,4：3,138
439,A,11,14,20,28,32,41,27,2：4,146,3：4,173
440,E,9,23,29,30,31,39,18,5：1,161,5：2,179
441,C,10,18,33,34,39,41,21,3：3,175,4：3,196
442,F,2,23,26,35,41,42,38,3：3,169,3：4,207
443,J,6,10,21,22,23,35,5,3：3,117,4：3,122
444,H,5,13,16,18,24,32,30,2：4,108,2：5,138
445,B,10,20,23,26,37,40,9,2：4,156,3：4,165
446,G,3,8,17,26,27,36,13,3：3,117,4：3,130
447,I,15,23,29,36,42,43,34,4：2,188,4：3,222
448,D,9,23,32,35,39,42,37,4：2,180,5：2,217
449,C,19,20,21,23,27,32,24,4：2,142,4：3,166
450,A,15,20,21,32,40,42,27,2：4,170,3：4,197
451,G,6,14,16,19,26,39,21,2：4,120,3：4,141
452,E,1,5,25,27,29,40,19,5：1,127,6：1,146
453,J,7,17,19,27,35,40,41,5：1,145,6：1,186
454,F,2,16,18,27,42,43,12,2：4,148,2：5,160
455,C,11,20,26,28,30,43,24,2：4,158,2：5,182
456,B,3,7,15,25,30,39,22,5：1,119,5：2,141
457,I,10,12,27,32,34,43,42,2：4,158,2：5,200
458,D,1,18,27,30,36,40,5,2：4,152,3：4,157
459,H,11,13,27,31,37,43,30,6：0,162,6：1,192
460,A,18,22,23,32,35,40,7,2：4,170,3：4,177
461,G,8,10,13,30,32,42,12,1：5,135,1：6,147
462,E,2,4,6,16,31,33,5,2：4,92,3：4,97
463,J,10,13,16,25,30,42,28,2：4,136,2：5,164
464,B,10,21,22,25,27,37,36,4：2,142,4：3,178
465,F,6,24,27,30,32,38,13,1：5,157,2：5,170
466,C,1,4,19,28,34,40,14,2：4,126,2：5,140
467,I,18,19,20,24,32,43,41,2：4,156,3：4,197
468,A,9,17,26,30,34,40,33,2：4,156,3：4,189
469,H,10,12,20,35,40,43,28,2：4,160,2：5,188
470,D,1,11,17,23,38,43,18,5：1,133,5：2,151
471,C,2,13,14,22,23,32,34,2：4,106,2：5,140
472,G,10,17,28,30,36,42,5,1：5,163,2：5,168
473,E,6,16,17,22,34,37,26,2：4,132,2：5,158
474,J,12,15,19,25,28,41,18,4：2,140,4：3,158
475,A,5,9,10,27,33,42,2,4：2,126,4：3,128
476,B,7,17,22,30,36,40,2,2：4,152,2：5,154
477,F,12,14,16,18,38,41,17,1：5,139,2：5,156
478,I,11,14,23,30,31,38,42,3：3,147,3：4,189
479,H,5,7,14,17,20,27,3,4：2,90,5：2,93
480,D,2,5,17,18,35,38,34,3：3,115,3：4,149
481,C,2,9,11,24,25,34,20,3：3,105,3：4,125
482,G,4,30,31,36,37,38,19,2：4,176,3：4,195
483,C,2,8,15,24,33,35,30,3：3,117,3：4,147
484,E,13,19,25,29,32,35,42,5：1,153,5：2,195
485,A,14,26,30,33,34,39,19,2：4,176,3：4,195
486,B,16,25,27,29,34,41,6,4：2,172,4：3,178
487,J,2,6,8,19,22,34,30,1：5,91,1：6,121
488,F,5,15,29,34,39,42,6,4：2,164,4：3,170
489,I,6,8,12,30,33,43,36,2：4,132,2：5,168
490,A,5,9,13,28,34,40,10,3：3,129,3：4,139
491,H,7,9,20,27,31,34,33,4：2,128,5：2,161
492,C,1,8,12,20,23,37,10,3：3,101,3：4,111
493,E,8,26,30,36,41,42,20,1：5,183,1：6,203
494,C,8,16,19,23,26,31,6,3：3,123,3：4,129
495,G,4,6,20,21,29,33,31,3：3,113,4：3,144
496,B,2,6,11,29,32,41,3,3：3,121,4：3,124
497,D,6,12,14,17,36,40,34,1：5,125,1：6,159
498,H,1,25,36,41,42,43,39,4：2,188,5：2,227
499,E,3,9,15,16,22,35,12,4：2,100,4：3,112
500,J,6,20,28,31,34,38,10,1：5,157,1：6,167
501,I,3,17,21,23,36,38,7,4：2,138,5：2,145
502,A,9,12,27,28,29,41,7,4：2,146,5：2,153
503,F,1,18,25,27,28,39,11,4：2,138,5：2,149
504,I,12,21,22,27,29,31,35,4：2,142,5：2,177
505,C,19,21,27,33,34,43,41,5：1,177,6：1,218
506,G,5,11,21,27,37,39,26,6：0,140,6：1,166
507,D,5,14,19,21,28,31,17,4：2,118,5：2,135
508,E,1,7,14,15,24,42,13,3：3,103,4：3,116
509,B,3,4,12,18,27,28,40,2：4,92,2：5,132
510,H,12,15,26,35,41,43,25,4：2,172,5：2,197
511,J,4,22,23,27,38,43,9,3：3,157,4：3,166
512,A,14,20,23,25,33,39,34,4：2,154,4：3,188
513,F,1,6,12,14,15,19,18,3：3,67,3：4,85
514,I,6,7,14,15,19,41,31,4：2,102,5：2,133
515,C,2,3,23,25,33,35,34,5：1,121,5：2,155
516,G,2,14,16,17,29,30,10,2：4,108,2：5,118
517,E,6,10,13,14,28,37,39,2：4,108,3：4,147
518,B,14,31,34,35,40,42,25,2：4,196,3：4,221
519,J,1,13,25,29,30,33,35,5：1,131,6：1,166
520,D,2,4,12,14,26,43,40,1：5,101,1：6,141
521,H,1,8,15,21,23,30,33,4：2,98,5：2,131
522,A,3,6,16,23,25,43,37,4：2,116,5：2,153
523,I,7,8,26,27,41,43,16,4：2,152,4：3,168
524,C,7,11,14,18,35,40,43,3：3,125,4：3,168
525,F,1,11,17,28,33,38,20,4：2,128,4：3,148
526,G,8,14,18,19,26,27,23,2：4,112,3：4,135
527,E,5,7,12,23,39,41,9,5：1,127,6：1,136
528,C,2,5,12,21,28,32,41,2：4,100,3：4,141
529,B,6,19,21,24,31,41,7,4：2,142,5：2,149
530,J,1,10,19,30,33,36,35,3：3,129,4：3,164
531,D,5,12,16,24,26,33,8,2：4,116,2：5,124
532,A,23,28,33,35,37,42,4,4：2,198,4：3,202
533,H,6,16,24,31,41,43,7,3：3,161,4：3,168
534,F,1,2,19,22,26,37,43,3：3,107,4：3,150
535,I,6,14,23,24,27,32,11,2：4,126,3：4,137
536,G,4,10,12,14,23,36,2,1：5,99,1：6,101
537,D,10,18,22,24,26,37,12,1：5,137,1：6,149
538,E,2,11,14,23,26,33,28,3：3,109,3：4,137
539,J,3,10,13,17,18,28,24,3：3,89,3：4,113
540,C,15,23,29,35,36,41,42,5：1,179,5：2,221
541,H,3,4,5,28,34,43,20,3：3,117,3：4,137
542,B,10,14,23,35,38,41,17,3：3,161,4：3,178
543,A,15,17,18,19,22,31,30,4：2,122,4：3,152
544,G,11,14,16,32,41,42,33,2：4,156,3：4,189
545,F,16,21,24,28,32,36,35,1：5,157,2：5,192
546,D,1,14,30,34,40,43,27,2：4,162,3：4,189
547,H,6,10,11,30,32,39,27,2：4,128,3：4,155
548,B,12,13,16,28,29,35,5,3：3,133,4：3,138
549,A,5,14,27,29,32,33,16,4：2,140,4：3,156
550,E,12,15,19,32,36,42,37,2：4,156,3：4,193
551,I,15,16,19,21,26,42,10,3：3,139,3：4,149
552,C,13,22,26,30,40,41,8,2：4,172,2：5,180
553,J,3,9,11,15,27,37,10,6：0,102,6：1,112
554,B,16,27,34,35,36,38,37,2：4,186,3：4,223
555,G,2,3,7,9,36,42,5,3：3,99,4：3,104
556,H,6,9,13,17,29,30,25,4：2,104,5：2,129
557,D,6,18,23,32,38,43,37,2：4,160,3：4,197
558,A,4,32,33,38,41,43,2,3：3,191,3：4,193
559,F,2,7,16,25,26,43,3,3：3,119,4：3,122
560,I,4,17,19,37,39,42,16,4：2,158,4：3,174
561,E,4,14,30,35,40,41,29,2：4,164,3：4,193
562,C,9,10,11,25,30,37,12,4：2,122,4：3,134
563,D,4,5,26,28,34,38,8,1：5,135,1：6,143
564,B,3,12,18,24,34,39,16,2：4,130,2：5,146
565,G,3,6,8,21,28,32,10,2：4,98,2：5,108
566,H,10,17,18,29,30,41,7,3：3,145,4：3,152
567,A,7,13,17,23,28,34,25,4：2,122,5：2,147
568,J,7,10,15,31,32,42,41,3：3,137,4：3,178
569,I,4,19,21,25,28,40,38,3：3,137,3：4,175
570,F,2,4,10,28,38,43,25,1：5,125,2：5,150
571,E,6,20,21,23,33,38,10,3：3,141,3：4,151
572,C,10,12,18,38,42,43,40,1：5,163,1：6,203
573,B,3,5,21,30,37,38,11,4：2,134,5：2,145
574,J,4,11,16,20,26,43,9,2：4,120,3：4,129
575,G,4,11,17,21,23,30,18,4：2,106,4：3,124
576,D,8,9,21,24,29,37,1,4：2,128,5：2,129
577,H,3,12,29,31,36,37,26,4：2,148,4：3,174
578,A,16,22,23,27,33,37,36,4：2,158,4：3,194
579,F,6,8,17,19,23,42,32,3：3,115,3：4,147
580,I,12,15,17,25,35,43,32,5：1,147,5：2,179
581,E,5,22,28,29,35,39,21,4：2,158,5：2,179
582,C,7,10,14,25,32,38,13,2：4,126,3：4,139
583,B,2,12,17,18,40,43,16,2：4,132,2：5,148
584,I,10,11,24,26,37,38,21,2：4,146,3：4,167
585,D,1,28,32,34,41,42,22,2：4,178,2：5,200
586,J,6,7,10,23,36,42,11,2：4,124,3：4,135
587,G,10,12,18,27,33,40,42,2：4,140,2：5,182
588,A,8,13,18,33,34,36,23,2：4,142,3：4,165
589,H,1,9,10,28,41,42,33,3：3,131,4：3,164
590,F,20,24,25,27,32,37,2,3：3,165,3：4,167
591,C,1,13,16,22,27,33,5,4：2,112,5：2,117
592,E,12,14,22,23,34,41,36,2：4,146,2：5,182
593,B,2,10,16,26,29,30,4,1：5,113,1：6,117
594,I,4,5,15,30,34,38,2,2：4,126,2：5,128
595,D,1,5,15,22,39,40,27,4：2,122,5：2,149
596,H,2,13,17,24,29,34,12,3：3,119,3：4,131
597,C,3,4,7,13,16,23,1,4：2,66,5：2,67
598,G,6,10,15,21,36,41,40,3：3,129,3：4,169
599,F,1,2,8,13,27,39,36,4：2,90,4：3,126
600,E,3,20,23,24,28,35,26,3：3,133,3：4,159
601,J,6,22,25,26,30,39,32,2：4,148,2：5,180
602,A,8,13,15,18,24,41,27,3：3,119,4：3,146
603,B,3,8,18,21,23,42,17,3：3,115,4：3,132
604,C,9,15,20,22,28,43,37,3：3,137,4：3,174
605,F,1,4,13,25,38,43,11,4：2,124,5：2,135
606,D,8,15,24,26,35,42,7,2：4,150,3：4,157
607,J,2,3,8,12,20,21,16,2：4,66,2：5,82
608,I,4,6,16,17,18,26,40,1：5,87,1：6,127
609,E,18,24,36,37,39,41,1,3：3,195,4：3,196
610,H,2,5,12,23,26,41,36,3：3,109,3：4,145
611,A,10,12,14,24,34,39,16,1：5,133,1：6,149
612,B,7,18,31,32,39,40,35,3：3,167,4：3,202
613,C,2,6,18,26,32,37,5,1：5,121,2：5,126
614,G,2,6,22,25,31,42,1,2：4,128,3：4,129
615,B,6,16,24,32,36,43,28,1：5,157,1：6,185
616,G,4,7,18,19,24,35,17,3：3,107,4：3,124
617,J,5,8,18,28,34,35,10,2：4,128,2：5,138
618,E,4,15,21,31,35,42,13,4：2,148,5：2,161
619,C,2,11,29,31,33,38,14,4：2,144,4：3,158
620,I,7,10,13,19,31,38,12,4：2,118,4：3,130
621,D,6,15,16,28,36,40,20,1：5,141,1：6,161
622,C,7,16,18,20,27,36,41,2：4,124,3：4,165
623,H,7,8,16,35,39,42,9,3：3,147,4：3,156
624,F,4,8,12,22,25,30,43,1：5,101,2：5,144
625,A,5,17,26,37,39,42,20,4：2,166,4：3,186
626,D,6,13,14,22,26,28,10,1：5,109,1：6,119
627,J,2,4,7,19,34,42,30,2：4,108,2：5,138
628,A,7,13,15,18,29,38,30,4：2,120,4：3,150
629,B,6,16,21,30,34,43,36,2：4,150,2：5,186
630,G,3,7,13,18,19,41,38,5：1,101,5：2,139
631,I,2,5,7,10,36,40,12,2：4,100,2：5,112
632,E,3,4,14,21,22,25,26,3：3,89,3：4,115
633,F,7,9,11,14,15,18,5,4：2,74,5：2,79
634,H,8,10,13,15,20,40,23,2：4,106,3：4,129
635,C,8,11,12,15,41,43,22,4：2,130,4：3,152
636,D,2,12,21,23,24,26,36,2：4,108,2：5,144
637,B,7,12,16,28,31,34,11,2：4,128,3：4,139
638,G,6,11,19,28,35,40,14,3：3,139,3：4,153
639,J,1,16,20,24,33,34,8,2：4,128,2：5,136
640,A,3,11,18,20,33,39,22,4：2,124,4：3,146
641,I,3,14,21,24,26,29,32,3：3,117,3：4,149
642,E,8,13,14,21,33,41,18,4：2,130,4：3,148
643,F,2,6,21,31,35,37,15,4：2,132,5：2,147
644,H,4,14,22,23,26,42,2,1：5,131,1：6,133
645,C,3,10,12,32,33,43,31,3：3,133,4：3,164
646,D,9,12,14,24,28,33,37,2：4,120,3：4,157
647,B,2,7,15,22,36,43,27,3：3,125,4：3,152
648,H,22,26,27,28,36,43,1,2：4,182,3：4,183
649,G,14,22,29,33,36,40,38,2：4,174,2：5,212
650,J,12,31,34,40,41,43,6,3：3,201,3：4,207
651,E,4,15,17,34,38,40,5,2：4,148,3：4,153
652,A,1,10,16,19,20,39,29,3：3,105,4：3,134
653,J,13,21,22,26,29,36,31,3：3,147,4：3,178
654,C,12,18,21,29,32,38,2,2：4,150,2：5,152
655,F,5,10,23,26,28,29,27,3：3,121,4：3,148
656,I,2,8,13,17,25,37,30,4：2,102,4：3,132
657,B,3,20,29,33,34,40,2,3：3,159,3：4,161
658,D,14,24,32,40,41,42,9,1：5,193,2：5,202
659,H,21,30,35,39,41,42,3,4：2,208,5：2,211
660,A,8,20,31,36,37,38,39,2：4,170,3：4,209
661,G,6,9,17,20,33,40,26,3：3,125,3：4,151
662,A,12,31,32,34,36,40,6,1：5,185,1：6,191
663,C,13,18,21,30,33,40,25,3：3,155,4：3,180
664,E,2,8,11,12,26,29,22,2：4,88,2：5,110
665,I,13,22,27,29,36,37,40,4：2,164,4：3,204
666,D,2,6,28,30,31,41,7,2：4,138,3：4,145
667,J,21,31,34,37,39,40,15,4：2,202,5：2,217
668,F,7,13,20,27,34,35,22,4：2,136,4：3,158
669,B,4,6,10,17,24,33,19,2：4,94,3：4,113
670,G,1,4,7,25,32,41,18,4：2,110,4：3,128
671,A,5,10,14,16,23,38,21,2：4,106,3：4,127
672,B,1,5,23,24,36,43,19,4：2,132,5：2,151
673,H,2,6,16,27,28,29,38,2：4,108,2：5,146
674,C,8,11,15,22,40,41,39,3：3,137,4：3,176
675,E,8,10,15,21,24,34,28,2：4,112,2：5,140
676,F,2,8,20,33,38,42,21,1：5,143,2：5,164
677,J,4,11,22,31,32,35,23,3：3,135,4：3,158
678,I,8,24,25,29,32,40,28,2：4,158,2：5,186
679,G,4,5,7,37,41,42,39,4：2,136,5：2,175
680,A,8,9,23,34,38,41,6,3：3,153,3：4,159
681,D,1,11,13,30,37,41,27,5：1,133,6：1,160
682,B,3,5,7,18,19,41,34,5：1,93,5：2,127
683,J,16,24,29,32,35,38,37,2：4,174,3：4,211
684,F,6,7,13,18,27,33,16,4：2,104,4：3,120
685,H,12,23,27,32,39,43,15,4：2,176,5：2,191
686,A,21,24,26,35,37,38,16,3：3,181,3：4,197
687,C,16,20,27,33,40,42,34,2：4,178,2：5,212
688,E,9,12,16,33,34,35,1,3：3,139,4：3,140
689,I,6,8,12,17,24,31,38,2：4,98,2：5,136
690,B,7,8,10,21,34,38,30,2：4,118,2：5,148
691,G,4,7,8,15,16,42,23,2：4,92,3：4,115
692,A,9,10,12,19,21,42,15,3：3,113,4：3,128
693,D,4,14,18,22,32,35,10,1：5,125,1：6,135
694,C,8,23,27,31,38,40,3,3：3,167,4：3,170
695,B,4,7,11,12,13,19,27,4：2,66,5：2,93
696,J,2,10,14,19,36,39,9,2：4,120,3：4,129
697,H,2,12,14,18,40,41,6,1：5,127,1：6,133
698,F,5,20,21,26,30,33,27,3：3,135,4：3,162
699,I,12,13,21,25,29,32,20,4：2,132,4：3,152
700,C,1,8,17,24,33,35,11,4：2,118,5：2,129
701,E,20,22,24,32,36,39,29,1：5,173,2：5,202
702,G,1,20,23,37,38,40,4,3：3,159,3：4,163
703,J,20,24,27,28,38,41,4,2：4,178,2：5,182
704,D,7,10,16,18,19,37,20,3：3,107,3：4,127
705,A,14,15,16,18,20,33,3,2：4,116,3：4,119
706,B,2,8,29,31,34,37,9,3：3,141,4：3,150
707,H,8,15,21,32,40,41,7,3：3,157,4：3,164
708,F,2,13,20,22,25,38,35,2：4,120,3：4,155
709,B,1,11,13,29,37,39,8,6：0,130,6：1,138
710,A,4,5,9,20,33,37,35,4：2,108,5：2,143
711,C,5,11,15,24,34,39,37,4：2,128,5：2,165
712,I,2,5,8,9,14,25,18,3：3,63,3：4,81
713,E,19,20,21,24,25,26,35,3：3,135,4：3,170
714,G,2,14,26,28,29,42,13,1：5,141,2：5,154
715,J,5,10,12,25,28,31,36,3：3,111,3：4,147
716,C,5,7,14,24,25,35,32,4：2,110,4：3,142
717,D,13,14,16,21,29,42,20,3：3,135,3：4,155
718,H,15,20,27,29,33,43,18,5：1,167,5：2,185
719,A,11,14,27,31,34,42,13,3：3,159,4：3,172
720,F,25,26,27,28,35,38,19,3：3,179,4：3,198
721,B,1,14,23,24,27,40,10,3：3,129,3：4,139
722,C,6,11,32,34,35,39,18,3：3,157,3：4,175
723,G,16,27,28,36,39,42,2,2：4,188,2：5,190
724,I,4,9,32,37,38,39,31,3：3,159,4：3,190
725,E,5,6,7,20,31,41,22,4：2,110,4：3,132
726,D,13,21,30,31,37,40,14,4：2,172,4：3,186
727,J,3,24,26,27,39,41,4,4：2,160,4：3,164
728,A,10,15,22,23,38,42,12,2：4,150,2：5,162
729,H,2,10,16,18,27,42,22,1：5,115,1：6,137
730,F,10,15,21,22,33,35,1,4：2,136,5：2,137
731,B,6,7,23,25,38,42,21,3：3,141,4：3,162
732,C,20,33,35,36,37,38,29,3：3,199,4：3,228
733,E,5,13,14,26,37,38,28,3：3,133,3：4,161
734,G,10,19,22,27,29,39,21,4：2,146,5：2,167
735,D,5,12,19,22,32,39,14,3：3,129,3：4,143
736,I,2,14,17,19,38,43,6,3：3,133,3：4,139
737,J,6,10,21,24,27,39,11,3：3,127,4：3,138
738,I,14,21,22,32,33,41,9,3：3,163,4：3,172
739,H,11,13,18,20,28,38,31,2：4,128,3：4,159
740,A,8,9,15,26,37,40,18,3：3,135,3：4,153
741,B,8,11,15,29,36,43,18,4：2,142,4：3,160
742,J,2,12,13,14,22,35,4,2：4,98,2：5,102
743,F,3,4,8,10,14,37,32,2：4,76,2：5,108
744,C,2,5,12,14,30,42,3,1：5,105,2：5,108
745,A,8,12,16,23,33,34,6,2：4,126,2：5,132
746,G,6,9,10,29,31,35,28,4：2,120,4：3,148
747,E,8,19,20,23,24,35,5,3：3,129,4：3,134
748,D,2,14,16,27,28,30,21,1：5,117,2：5,138
749,I,7,8,11,13,23,40,25,4：2,102,5：2,127
750,H,4,6,13,16,18,39,34,2：4,96,2：5,130
751,J,13,16,21,25,31,38,43,4：2,144,5：2,187
752,B,3,5,13,18,22,37,14,4：2,98,4：3,112
753,G,2,4,11,15,20,38,18,2：4,90,2：5,108
754,F,16,27,33,35,39,41,42,5：1,191,5：2,233
755,C,10,16,20,25,29,39,2,3：3,139,3：4,141
756,A,8,10,24,26,27,28,32,1：5,123,1：6,155
757,E,4,10,14,19,35,38,17,2：4,120,3：4,137
758,J,11,19,20,25,38,40,33,3：3,153,4：3,186
759,D,14,22,25,28,37,41,31,3：3,167,4：3,198
760,I,3,4,6,15,32,40,34,2：4,100,2：5,134
761,A,8,10,11,12,20,40,42,1：5,101,1：6,143
762,F,6,8,9,20,24,27,40,2：4,94,2：5,134
763,H,6,8,10,21,39,42,36,2：4,126,2：5,162
764,B,6,7,24,34,42,43,14,2：4,156,2：5,170
765,C,4,14,17,22,26,41,6,2：4,124,2：5,130
766,A,6,10,12,32,37,39,33,2：4,136,3：4,169
767,E,2,6,11,27,29,37,14,4：2,112,4：3,126
768,G,1,8,19,25,32,38,39,3：3,123,4：3,162
769,J,1,2,4,16,17,38,8,2：4,78,2：5,86
770,I,17,19,21,22,36,37,25,4：2,152,5：2,177
771,D,15,21,31,32,33,34,27,4：2,166,5：2,193
772,F,7,11,16,19,20,23,30,4：2,96,4：3,126
773,B,4,7,10,11,12,32,9,2：4,76,3：4,85
774,H,2,4,9,13,16,33,15,3：3,77,4：3,92
775,E,1,2,21,22,37,38,17,3：3,121,4：3,138
776,C,2,8,14,23,28,42,25,1：5,117,2：5,142
777,A,15,16,23,29,37,39,42,5：1,159,5：2,201
778,F,5,11,17,24,35,41,3,5：1,133,6：1,136
779,G,10,13,27,34,36,39,7,3：3,159,4：3,166
780,A,6,7,12,26,39,43,4,3：3,133,3：4,137
781,I,5,6,15,23,40,43,39,4：2,132,5：2,171
782,B,19,21,23,24,27,43,10,5：1,157,5：2,167
783,I,9,14,22,24,25,32,13,2：4,126,3：4,139
784,D,1,9,23,29,37,41,22,6：0,140,6：1,162
785,H,1,9,18,20,24,29,15,3：3,101,4：3,116
786,E,10,11,17,31,35,39,23,5：1,143,6：1,166
787,G,4,5,13,21,33,34,15,4：2,110,5：2,125
788,C,2,8,13,27,31,32,16,3：3,113,3：4,129
789,J,12,17,29,32,38,40,28,2：4,168,2：5,196
790,F,9,13,19,27,34,38,8,4：2,140,4：3,148
791,I,1,10,22,24,34,37,20,2：4,128,2：5,148
792,A,1,7,14,25,37,43,4,5：1,127,5：2,131
793,C,10,13,14,19,26,43,12,3：3,125,3：4,137
794,F,15,22,25,29,34,42,2,3：3,167,3：4,169
795,H,13,19,24,28,33,38,29,3：3,155,4：3,184
796,B,1,7,11,14,22,34,2,3：3,89,3：4,91
797,D,1,4,13,18,23,39,35,4：2,98,5：2,133
798,E,1,3,5,25,39,41,34,6：0,114,6：1,148
799,G,4,6,8,10,19,28,25,1：5,75,2：5,100
800,J,8,12,22,23,25,35,43,3：3,125,4：3,168
801,A,2,18,19,20,25,31,32,3：3,115,3：4,147
802,I,9,13,18,19,25,30,15,4：2,114,5：2,129
803,C,9,29,33,34,35,41,27,5：1,181,6：1,208
804,F,6,20,23,25,31,33,30,4：2,138,4：3,168
805,H,2,14,19,22,24,43,6,2：4,124,2：5,130
806,B,3,16,19,25,39,40,29,4：2,142,5：2,171
807,E,1,6,12,20,22,23,27,2：4,84,3：4,111
808,D,13,18,22,28,41,42,26,2：4,164,2：5,190
809,G,2,11,20,31,32,37,17,3：3,133,4：3,150
810,A,3,31,32,38,39,40,37,3：3,183,4：3,220
811,J,2,6,20,24,31,40,34,1：5,123,1：6,157
812,C,1,12,15,26,34,40,22,2：4,128,2：5,150
813,I,9,10,12,13,28,38,39,2：4,110,3：4,149
814,F,4,7,15,23,38,42,1,3：3,129,4：3,130
815,H,1,2,6,24,25,41,29,3：3,99,4：3,128
816,A,5,14,19,24,27,37,9,4：2,126,5：2,135
817,E,16,21,27,32,34,43,42,3：3,173,3：4,215
818,B,5,21,24,34,37,38,16,3：3,159,3：4,175
819,A,10,19,23,25,30,40,14,3：3,147,3：4,161
820,D,1,11,19,28,39,43,16,5：1,141,5：2,157
821,G,7,10,12,34,40,43,16,2：4,146,2：5,162
822,C,6,11,15,24,27,33,29,4：2,116,5：2,145
823,J,5,6,23,30,37,38,28,3：3,139,3：4,167
824,G,16,19,26,27,29,32,4,3：3,149,3：4,153
825,F,6,10,12,16,39,40,20,1：5,123,1：6,143
826,I,5,15,22,24,29,36,2,3：3,131,3：4,133
827,E,2,4,23,24,33,41,5,3：3,127,4：3,132
828,C,2,9,10,24,25,43,26,3：3,113,3：4,139
829,J,2,3,23,32,36,39,20,3：3,135,3：4,155
830,A,5,6,9,18,28,40,22,2：4,106,2：5,128
831,H,3,4,7,13,22,31,19,4：2,80,5：2,99
832,D,19,24,27,31,32,33,17,4：2,166,5：2,183
833,B,5,6,13,20,22,28,2,2：4,94,2：5,96
834,F,4,17,27,39,41,42,8,4：2,170,4：3,178
835,I,5,9,10,28,39,40,24,3：3,131,3：4,155
836,G,7,11,31,34,38,43,28,4：2,164,4：3,192
837,E,5,17,34,37,39,42,28,4：2,174,4：3,202
838,C,12,28,32,36,38,43,13,1：5,189,2：5,202
839,A,1,3,5,12,13,38,37,4：2,72,5：2,109
840,J,3,4,17,24,27,34,39,3：3,109,4：3,148
841,H,8,22,24,28,31,36,38,1：5,149,1：6,187
842,D,8,11,17,26,33,43,24,4：2,138,4：3,162
843,B,3,7,8,26,42,43,11,3：3,129,4：3,140
844,F,2,5,18,27,35,38,24,3：3,125,3：4,149
845,A,2,12,13,22,24,34,20,1：5,107,1：6,127
846,G,9,14,18,28,30,33,4,2：4,132,2：5,136
847,I,9,10,23,31,35,36,38,4：2,144,4：3,182
848,E,6,7,13,15,35,39,33,5：1,115,6：1,148
849,C,1,3,4,10,15,40,34,3：3,73,3：4,107
850,D,2,11,30,32,38,41,4,2：4,154,2：5,158
851,J,5,8,14,20,26,27,7,2：4,100,3：4,107
852,B,3,17,22,23,27,40,35,4：2,132,5：2,167
853,F,2,9,22,26,31,35,7,3：3,125,4：3,132
854,H,4,11,14,18,25,37,42,3：3,109,3：4,151
855,A,10,13,15,25,37,42,30,4：2,142,4：3,172
856,I,10,24,32,34,38,40,43,0：6,178,1：6,221
857,G,1,3,6,17,28,42,24,3：3,97,3：4,121
858,E,3,14,29,32,33,42,40,3：3,153,3：4,193
859,C,1,12,15,17,21,36,24,4：2,102,4：3,126
860,A,14,16,32,35,38,41,6,2：4,176,2：5,182
861,J,4,17,21,28,35,42,29,3：3,147,4：3,176
862,D,5,10,16,34,36,39,43,2：4,140,3：4,183
863,B,4,14,18,26,35,36,2,1：5,133,1：6,135
864,H,19,21,24,28,32,40,12,2：4,164,2：5,176
865,F,5,7,8,12,23,25,26,4：2,80,4：3,106
866,I,1,3,10,21,29,43,39,5：1,107,6：1,146
867,F,2,14,21,26,37,38,18,2：4,138,2：5,156
868,G,5,18,19,26,31,43,10,4：2,142,4：3,152
869,C,5,7,23,24,37,38,40,4：2,134,4：3,174
870,E,1,11,14,21,23,39,26,5：1,109,5：2,135
871,H,3,10,11,13,20,27,25,4：2,84,5：2,109
872,A,6,10,17,18,19,24,7,2：4,94,3：4,101
873,B,4,22,26,27,32,43,20,2：4,154,2：5,174
874,J,2,8,21,27,33,37,42,4：2,128,4：3,170
875,D,4,5,11,13,22,25,43,4：2,80,5：2,123
876,I,11,12,18,25,35,39,9,4：2,140,5：2,149
877,A,3,14,17,32,35,43,10,4：2,144,4：3,154
878,F,5,14,16,22,25,40,43,2：4,122,3：4,165
879,G,24,27,34,35,36,43,25,3：3,199,4：3,224
880,C,1,8,11,16,25,32,19,3：3,93,4：3,112
881,J,4,6,12,18,28,41,35,1：5,109,2：5,144
882,E,5,15,23,26,30,36,6,3：3,135,3：4,141
883,H,10,16,25,29,38,42,23,2：4,160,3：4,183
884,B,2,7,25,26,38,42,19,2：4,140,3：4,159
885,D,22,28,33,36,37,41,14,3：3,197,3：4,211
886,I,7,10,13,23,34,39,11,4：2,126,5：2,137
887,A,3,4,6,18,32,37,7,2：4,100,3：4,107
888,F,2,4,9,36,37,39,43,3：3,127,4：3,170
889,C,2,10,21,28,41,43,12,3：3,145,3：4,157
890,G,1,4,6,14,28,31,21,2：4,84,3：4,105
891,J,7,9,14,30,42,43,24,3：3,145,3：4,169
892,H,14,19,31,35,40,43,38,4：2,182,4：3,220
893,A,10,12,26,28,29,37,34,2：4,142,2：5,176
894,E,4,5,9,20,21,32,40,3：3,91,3：4,131
895,B,5,12,24,25,37,38,39,3：3,141,4：3,180
896,I,5,6,21,27,32,38,34,3：3,129,3：4,163
897,D,8,10,14,15,27,30,12,2：4,104,2：5,116
898,C,13,17,21,25,29,37,23,6：0,142,7：0,165
899,F,3,10,15,18,27,40,38,3：3,113,3：4,151
900,G,8,12,21,22,31,35,2,3：3,129,3：4,131
901,A,6,13,22,28,29,37,14,3：3,135,3：4,149
902,H,11,21,26,31,32,33,22,4：2,154,4：3,176
903,E,1,3,6,7,16,19,12,4：2,52,4：3,64
904,J,2,4,6,15,21,41,29,3：3,89,4：3,118
905,B,4,15,24,40,41,42,31,2：4,166,3：4,197
906,I,6,9,12,13,30,40,31,2：4,110,3：4,141
907,D,5,13,18,22,27,41,19,4：2,126,5：2,145
908,F,6,14,21,22,23,30,32,2：4,116,2：5,148
909,C,12,15,21,27,30,35,28,4：2,140,4：3,168
910,G,11,12,13,17,25,33,14,5：1,111,5：2,125
911,A,8,16,18,22,27,35,3,2：4,126,3：4,129
912,H,5,14,19,20,32,42,11,2：4,132,3：4,143
913,E,5,8,20,31,36,41,16,3：3,141,3：4,157
914,B,2,3,26,33,36,40,19,2：4,140,3：4,159
915,J,7,12,21,33,38,40,42,3：3,151,3：4,193
916,G,6,14,25,27,38,43,21,3：3,153,4：3,174
917,I,2,6,25,26,41,42,18,2：4,142,2：5,160
918,D,10,15,25,29,34,36,39,3：3,149,4：3,188
919,F,2,9,12,17,33,42,26,3：3,115,3：4,141
920,A,9,17,27,30,35,38,6,4：2,156,4：3,162
921,B,5,7,26,36,38,39,32,3：3,151,3：4,183
922,C,4,6,19,32,33,38,1,2：4,132,3：4,133
923,J,5,13,30,31,32,35,29,4：2,146,5：2,175
924,H,13,20,24,32,35,42,43,2：4,166,3：4,209
925,E,25,26,27,28,32,37,40,3：3,175,3：4,215
926,G,16,26,32,35,37,39,25,3：3,185,4：3,210
927,A,2,29,30,31,33,34,37,3：3,159,4：3,196
928,D,1,21,23,26,31,33,14,5：1,135,5：2,149
929,I,10,12,15,25,31,34,26,3：3,127,3：4,153
930,B,10,12,37,39,40,43,11,3：3,181,4：3,192
931,F,14,18,19,24,25,33,21,3：3,133,4：3,154
932,C,4,15,30,37,42,43,32,3：3,171,3：4,203
933,D,5,9,20,21,31,41,26,5：1,127,5：2,153
934,J,3,7,16,17,20,32,12,3：3,95,3：4,107
935,H,2,12,14,26,38,43,8,1：5,135,1：6,143
936,B,1,3,12,16,20,35,5,3：3,87,4：3,92
937,E,13,15,21,25,36,41,8,5：1,151,5：2,159
938,I,5,9,12,19,30,35,29,4：2,110,5：2,139
939,A,8,11,15,17,26,43,32,4：2,120,4：3,152
940,G,1,18,28,31,35,37,39,4：2,150,5：2,189
941,C,5,12,22,29,38,39,19,3：3,145,4：3,164
942,F,2,3,14,27,28,38,8,2：4,112,2：5,120
943,D,9,10,14,15,39,43,25,4：2,130,5：2,155
944,J,7,20,25,29,33,37,27,5：1,151,6：1,178
945,B,3,10,15,23,36,37,31,4：2,124,5：2,155
946,H,2,9,12,16,31,36,41,2：4,106,3：4,147
947,E,1,6,21,23,27,40,9,4：2,118,5：2,127
948,I,7,16,17,28,39,43,24,4：2,150,4：3,174
949,A,5,19,26,36,39,43,9,4：2,168,5：2,177
950,C,2,6,16,24,30,41,18,1：5,119,1：6,137
951,G,11,15,22,23,26,30,37,3：3,127,4：3,164
952,F,10,16,22,25,31,39,27,3：3,143,4：3,170
953,J,2,9,17,38,39,42,20,3：3,147,3：4,167
954,B,3,23,24,28,29,42,41,3：3,149,4：3,190
955,D,14,19,27,28,37,42,24,3：3,167,3：4,191
956,H,1,4,6,22,24,38,34,1：5,95,1：6,129
957,E,2,11,22,32,36,42,20,1：5,145,1：6,165
958,I,9,18,23,24,26,30,21,2：4,130,3：4,151
959,A,1,16,18,28,36,38,42,1：5,137,1：6,179
960,D,5,18,23,32,35,39,10,4：2,152,4：3,162
961,C,5,11,17,18,19,25,34,5：1,95,5：2,129
962,F,4,6,10,24,32,37,35,1：5,113,2：5,148
963,G,4,23,29,31,32,35,17,4：2,154,5：2,171
964,B,2,21,23,29,30,43,26,4：2,148,4：3,174
965,E,10,12,19,20,21,22,13,2：4,104,3：4,117
966,J,10,22,31,34,36,43,30,2：4,176,2：5,206
967,H,1,11,26,30,32,40,8,2：4,140,2：5,148
968,I,6,10,15,20,23,26,17,2：4,100,3：4,117
969,D,3,9,19,22,23,40,10,4：2,116,4：3,126
970,A,2,4,18,23,31,38,1,2：4,116,3：4,117
971,F,2,3,4,12,22,29,11,2：4,72,3：4,83
972,C,2,7,17,18,21,40,29,3：3,105,4：3,134
973,B,1,5,6,12,30,31,24,3：3,85,3：4,109
974,G,2,3,29,30,32,43,26,3：3,139,3：4,165
975,E,3,11,13,27,29,36,15,5：1,119,6：1,134
976,J,6,13,22,28,42,43,29,2：4,154,3：4,183
977,I,10,15,17,27,42,43,33,4：2,154,5：2,187
978,A,3,11,19,30,38,42,31,3：3,143,4：3,174
979,H,9,12,16,18,27,38,10,2：4,120,2：5,130
980,D,15,20,23,35,38,42,13,3：3,173,4：3,186
981,B,14,19,22,23,31,37,21,4：2,146,5：2,167
982,F,15,19,21,22,29,40,42,4：2,146,4：3,188
983,G,15,19,32,35,36,38,31,3：3,175,4：3,206
984,D,14,23,24,28,37,38,20,2：4,164,2：5,184
985,C,3,11,19,26,29,38,31,4：2,126,5：2,157
986,C,4,11,17,30,36,43,5,3：3,141,4：3,146
987,A,3,14,15,24,25,36,33,3：3,117,4：3,150
988,E,5,6,10,22,34,41,19,2：4,118,3：4,137
989,J,5,7,31,33,36,39,21,5：1,151,6：1,172
990,B,4,12,16,27,28,41,42,2：4,128,2：5,170
991,I,3,18,21,25,29,37,35,5：1,133,6：1,168
992,H,4,6,8,22,27,38,34,1：5,105,1：6,139
993,D,1,5,10,32,38,40,18,2：4,126,2：5,144
994,F,18,22,29,31,39,43,9,4：2,182,5：2,191
995,E,7,11,17,21,37,39,36,6：0,132,6：1,168
996,A,1,3,14,26,27,42,25,3：3,113,4：3,138
997,J,3,5,8,11,33,43,23,5：1,103,6：1,126
998,G,1,3,12,19,26,29,28,4：2,90,4：3,118
999,C,8,15,17,30,32,36,43,2：4,138,3：4,181
1000,B,1,15,21,22,26,29,37,4：2,114,5：2,151
1001,D,9,12,15,16,18,35,2,3：3,105,3：4,107
1002,I,8,14,22,25,27,41,11,3：3,137,4：3,148
1003,A,13,22,26,34,38,43,42,2：4,176,2：5,218
1004,H,3,21,23,24,27,32,36,4：2,130,4：3,166
1005,F,5,13,20,24,25,27,42,4：2,114,4：3,156
1006,I,7,8,16,31,32,33,12,3：3,127,3：4,139
1007,C,3,8,17,25,28,43,42,4：2,124,4：3,166
1008,E,11,14,16,21,24,39,36,3：3,125,3：4,161
1009,J,3,19,34,36,40,43,28,3：3,175,3：4,203
1010,I,6,12,16,24,25,37,17,2：4,120,3：4,137
1011,G,23,26,27,29,30,43,6,4：2,178,4：3,184
1012,B,9,11,19,22,27,38,2,4：2,126,4：3,128
1013,F,3,20,36,38,39,41,22,3：3,177,3：4,199
1014,D,2,3,9,19,40,42,6,3：3,115,3：4,121
1015,A,9,14,20,23,27,32,22,3：3,125,3：4,147
1016,H,1,14,31,32,39,42,34,3：3,159,3：4,193
1017,A,1,4,24,30,39,40,5,2：4,138,3：4,143
1018,E,3,22,25,28,32,39,21,3：3,149,4：3,170
1019,G,8,14,15,22,25,40,19,2：4,124,3：4,143
1020,E,2,25,27,28,35,42,6,3：3,159,3：4,165
1021,C,3,30,32,33,34,39,28,3：3,171,3：4,199
1022,A,3,15,19,30,34,37,12,4：2,138,4：3,150
1023,J,9,17,24,25,33,40,43,4：2,148,5：2,191
1024,E,2,4,5,20,37,43,32,3：3,111,3：4,143
1025,I,10,17,20,21,36,43,34,3：3,147,3：4,181
1026,I,1,8,11,17,22,26,31,3：3,85,4：3,116
1027,C,13,16,17,19,20,38,18,3：3,123,3：4,141
1028,B,7,10,18,21,28,36,40,2：4,120,2：5,160
1029,A,5,13,22,31,37,39,4,5：1,147,5：2,151
1030,F,4,9,17,20,23,42,19,3：3,115,4：3,134
1031,D,2,4,7,22,32,35,1,2：4,102,3：4,103
1032,H,11,20,21,30,36,43,17,3：3,161,4：3,178
1033,G,1,15,21,24,37,41,7,5：1,139,6：1,146
1034,D,14,20,24,25,31,32,29,2：4,146,3：4,175
1035,A,9,15,17,19,27,33,40,6：0,120,6：1,160
1036,J,2,8,17,27,30,31,13,3：3,115,4：3,128
1037,C,1,3,12,13,21,32,41,4：2,82,5：2,123
1038,I,3,7,24,25,27,39,20,5：1,125,5：2,145
1039,E,6,9,20,34,37,41,25,3：3,147,4：3,172
1040,F,7,13,15,21,23,34,12,5：1,113,5：2,125
1041,B,14,22,27,29,33,37,24,4：2,162,4：3,186
1042,D,4,10,11,12,18,25,36,2：4,80,2：5,116
1043,F,21,29,30,32,38,42,16,2：4,192,2：5,208
1044,H,3,7,16,26,34,39,23,3：3,125,4：3,148
1045,G,1,19,21,30,31,43,18,5：1,145,5：2,163
1046,D,6,13,17,18,27,43,21,4：2,124,5：2,145
1047,A,5,9,13,31,32,35,26,5：1,125,5：2,151
1048,J,26,27,30,31,34,40,20,2：4,188,2：5,208
1049,E,3,6,15,23,24,31,11,4：2,102,5：2,113
1050,A,3,8,14,28,31,43,35,3：3,127,4：3,162
1051,C,5,13,20,28,30,32,16,2：4,128,2：5,144
1052,B,6,26,34,37,42,43,13,2：4,188,3：4,201
1053,E,4,11,23,27,35,42,15,4：2,142,5：2,157
1054,H,7,9,10,19,28,33,36,4：2,106,4：3,142
1055,C,5,11,20,25,26,32,6,3：3,119,3：4,125
1056,F,14,16,19,29,32,37,24,3：3,147,3：4,171
1057,I,2,11,19,21,28,38,25,3：3,119,4：3,144
1058,J,11,12,17,23,29,43,37,5：1,135,6：1,172
1059,G,8,26,27,29,35,43,6,4：2,168,4：3,174
1060,A,5,10,16,17,32,37,36,3：3,117,3：4,153
1061,I,1,12,14,16,20,29,4,2：4,92,2：5,96
1062,D,2,7,28,39,42,43,41,3：3,161,4：3,202
1063,C,6,12,13,34,38,42,41,1：5,145,2：5,186
1064,B,4,13,18,27,30,39,34,3：3,131,3：4,165
1065,E,11,13,27,37,41,42,40,5：1,171,5：2,211
1066,F,2,11,29,36,40,42,17,2：4,160,3：4,177
1067,H,5,9,25,27,28,33,10,5：1,127,5：2,137
1068,I,3,9,21,34,35,42,4,4：2,144,4：3,148
1069,G,12,17,26,30,33,40,8,2：4,158,2：5,166
1070,D,11,21,25,34,35,36,15,4：2,162,5：2,177
1071,G,1,10,25,27,31,40,3,4：2,134,5：2,137
1072,A,3,17,20,32,36,43,4,3：3,151,3：4,155
1073,J,1,3,5,8,20,39,30,4：2,76,4：3,106
1074,C,8,9,16,27,30,33,19,3：3,123,4：3,142
1075,I,7,8,21,24,34,42,1,2：4,136,3：4,137
1076,F,21,22,24,30,31,43,19,3：3,171,4：3,190
1077,B,1,4,9,23,30,36,5,3：3,103,4：3,108
1078,E,3,12,20,33,35,41,34,4：2,144,4：3,178
1079,H,8,12,19,24,30,36,42,1：5,129,1：6,171
1080,I,6,15,16,19,38,41,23,3：3,135,4：3,158
1081,D,6,8,13,17,18,20,28,2：4,82,2：5,110
1082,G,9,12,19,21,39,40,16,4：2,140,4：3,156
1083,D,10,13,15,18,25,38,20,3：3,119,3：4,139
1084,A,1,7,20,28,34,38,16,2：4,128,2：5,144
1085,J,3,20,21,30,34,35,23,3：3,143,4：3,166
1086,A,3,7,9,31,38,43,29,5：1,131,6：1,160
1087,E,10,13,26,27,30,36,6,2：4,142,2：5,148
1088,F,5,8,16,24,32,33,22,2：4,118,2：5,140
1089,H,5,17,19,22,41,42,4,4：2,146,4：3,150
1090,C,3,10,15,22,27,40,23,3：3,117,4：3,140
1091,C,21,22,24,26,28,30,38,1：5,151,1：6,189
1092,B,2,11,18,27,30,33,14,3：3,121,3：4,135
1093,I,4,19,26,40,42,43,9,2：4,174,3：4,183
1094,G,6,7,20,24,28,43,11,2：4,128,3：4,139
1095,J,3,6,15,18,23,27,38,4：2,92,4：3,130
1096,F,6,19,21,31,38,41,40,4：2,156,4：3,196
1097,E,1,5,8,14,19,21,4,4：2,68,4：3,72
1098,B,1,19,31,33,35,43,29,6：0,162,7：0,191
1099,D,6,8,12,17,18,24,35,1：5,85,2：5,120
1100,A,2,6,16,23,32,35,37,2：4,114,3：4,151
1101,H,4,5,7,10,13,16,1,3：3,55,4：3,56
1102,C,3,6,9,13,36,37,32,4：2,104,4：3,136
1103,B,8,13,14,18,24,38,25,1：5,115,2：5,140
1104,I,15,25,32,33,36,38,40,3：3,179,3：4,219
1105,G,12,15,25,31,39,40,26,4：2,162,4：3,188
1106,B,1,4,8,10,18,33,15,2：4,74,3：4,89
1107,J,6,7,12,22,30,33,36,2：4,110,2：5,146
1108,A,12,25,29,32,38,43,35,3：3,179,4：3,214
1109,F,6,8,14,27,36,42,28,1：5,133,1：6,161
1110,E,1,6,21,34,36,39,29,3：3,137,4：3,166
1111,D,6,16,17,27,33,41,42,4：2,140,4：3,182
1112,H,6,9,15,19,39,42,34,4：2,130,4：3,164
1113,C,1,12,14,26,34,41,6,2：4,128,2：5,134
1114,F,2,7,9,28,38,39,26,3：3,123,3：4,149
1115,I,3,10,12,26,38,42,4,1：5,131,1：6,135
1116,B,1,11,33,34,35,38,29,4：2,152,5：2,181
1117,G,2,6,7,9,19,23,21,4：2,66,5：2,87
1118,E,1,11,21,25,34,36,28,4：2,128,4：3,156
1119,J,3,6,15,21,42,43,11,4：2,130,5：2,141
1120,F,10,12,13,29,35,39,33,4：2,138,5：2,171
1121,H,2,8,31,38,40,42,41,1：5,161,2：5,202
1122,A,22,24,29,31,32,34,40,2：4,172,2：5,212
1123,D,4,8,23,29,34,35,15,3：3,133,4：3,148
1124,C,1,16,24,28,40,42,33,1：5,151,2：5,184
1125,H,2,16,19,20,24,36,27,1：5,117,2：5,144
1126,I,4,5,26,30,34,42,27,1：5,141,2：5,168
1127,B,9,15,17,21,23,42,24,5：1,127,5：2,151
1128,E,3,15,21,29,30,35,39,5：1,133,6：1,172
1129,G,6,11,19,28,30,43,32,3：3,137,3：4,169
1130,J,1,11,37,38,39,42,26,4：2,168,4：3,194
1131,E,6,12,25,36,38,41,18,2：4,158,2：5,176
1132,F,4,5,24,29,33,35,40,4：2,130,4：3,170
1133,A,3,18,19,20,37,38,9,3：3,135,4：3,144
1134,C,5,6,12,14,30,38,29,1：5,105,2：5,134
1135,I,20,22,28,29,32,41,14,2：4,172,2：5,186
1136,J,3,4,7,8,22,33,18,3：3,77,3：4,95
1137,F,1,18,21,31,37,41,20,5：1,149,5：2,169
1138,E,8,15,21,24,35,38,22,3：3,141,3：4,163
1139,D,4,6,14,17,23,33,26,3：3,97,3：4,123
1140,H,11,21,30,31,36,37,23,4：2,166,5：2,189
1141,G,1,4,10,14,24,26,29,1：5,79,2：5,108
1142,B,12,13,19,23,28,35,31,4：2,130,5：2,161
1143,A,19,21,31,39,42,43,29,5：1,195,6：1,224
1144,C,7,13,14,33,39,43,29,5：1,149,6：1,178
1145,F,1,4,15,18,25,28,36,3：3,91,3：4,127
1146,J,1,10,19,23,26,34,27,3：3,113,4：3,140
1147,E,2,3,10,16,26,27,23,2：4,84,3：4,107
1148,I,3,5,16,23,31,43,39,5：1,121,6：1,160
1149,B,2,14,22,23,35,43,31,3：3,139,4：3,170
1150,D,7,11,17,27,32,40,18,4：2,134,4：3,152
1151,E,5,23,25,26,29,31,19,5：1,139,6：1,158
1152,G,6,8,10,33,35,43,22,3：3,135,3：4,157
1153,H,4,15,20,24,26,30,29,1：5,119,2：5,148
1154,A,8,12,30,36,41,42,4,1：5,169,1：6,173
1155,G,14,19,22,23,28,43,25,3：3,149,4：3,174
1156,H,3,6,19,31,35,40,12,4：2,134,4：3,146
1157,F,5,17,20,28,39,42,1,3：3,151,4：3,152
1158,D,22,24,27,30,32,40,23,1：5,175,2：5,198
1159,J,1,4,15,16,23,30,17,3：3,89,4：3,106
1160,C,9,22,31,32,34,43,24,3：3,171,3：4,195
1161,I,1,2,12,16,19,40,18,2：4,90,2：5,108
1162,B,3,4,8,12,24,37,10,2：4,88,2：5,98
1163,E,11,17,19,24,33,41,9,5：1,145,6：1,154
1164,A,4,7,11,33,34,37,24,4：2,126,4：3,150
1165,F,18,20,21,24,40,42,25,1：5,165,2：5,190
1166,I,4,8,17,20,29,41,3,3：3,119,4：3,122
1167,G,6,13,20,25,36,42,28,2：4,142,2：5,170
1168,H,1,3,8,14,35,39,18,4：2,100,4：3,118
1169,D,19,24,25,36,37,43,10,4：2,184,4：3,194
1170,J,1,8,13,19,23,28,39,4：2,92,5：2,131
1171,C,9,10,13,21,34,36,40,3：3,123,3：4,163
1172,B,3,10,31,32,38,39,15,3：3,153,4：3,168
1173,E,5,7,11,16,33,38,25,4：2,110,5：2,135
1174,I,7,8,9,25,29,31,28,5：1,109,5：2,137
1175,B,2,4,6,21,27,37,10,3：3,97,3：4,107
1176,F,2,9,18,23,29,32,34,3：3,113,3：4,147
1177,A,2,5,21,22,23,38,36,3：3,111,3：4,147
1178,E,16,17,20,22,29,40,31,2：4,144,3：4,175
1179,G,5,12,27,36,39,40,37,3：3,159,4：3,196
1180,J,2,4,5,13,18,21,40,3：3,63,3：4,103
1181,F,15,16,17,29,31,32,12,4：2,140,4：3,152
1182,D,5,6,10,13,24,33,40,3：3,91,3：4,131
1183,H,2,19,22,25,32,36,39,2：4,136,3：4,175
1184,C,2,6,21,30,31,36,41,2：4,126,3：4,167
1185,I,6,15,18,26,27,31,38,3：3,123,3：4,161
1186,B,8,10,20,25,38,43,39,2：4,144,3：4,183
1187,J,3,13,18,20,24,31,37,3：3,109,4：3,146
1188,A,3,9,19,20,23,30,14,4：2,104,4：3,118
1189,E,8,24,28,30,38,41,32,1：5,169,1：6,201
1190,H,1,3,13,29,38,39,8,5：1,123,5：2,131
1191,I,3,5,11,20,25,32,30,4：2,96,4：3,126
1192,A,15,17,18,22,30,39,28,3：3,141,3：4,169
1193,G,1,2,7,8,10,42,28,2：4,70,2：5,98
1194,C,12,18,20,23,33,40,1,2：4,146,3：4,147
1195,B,1,4,17,22,35,42,7,3：3,121,4：3,128
1196,F,6,7,19,31,39,41,14,5：1,143,5：2,157
1197,A,3,24,28,36,37,39,27,3：3,167,4：3,194
1198,D,1,14,20,26,27,34,33,2：4,122,3：4,155
1199,J,9,10,11,20,28,40,17,2：4,118,3：4,135
1200,G,2,8,10,12,31,42,21,1：5,105,2：5,126
1201,I,1,15,19,22,26,28,33,3：3,111,4：3,144
1202,E,9,12,15,19,26,39,28,4：2,120,4：3,148
1203,H,2,4,6,37,39,42,41,2：4,130,3：4,171
1204,C,10,20,21,24,39,43,17,3：3,157,4：3,174
1205,F,12,25,26,32,35,42,2,2：4,172,2：5,174
1206,B,11,19,20,26,32,33,22,3：3,141,3：4,163
1207,C,6,16,17,20,22,43,34,2：4,124,2：5,158
1208,A,5,14,20,30,38,41,8,2：4,148,2：5,156
1209,D,11,12,24,32,38,40,7,1：5,157,2：5,164
1210,J,5,6,12,16,23,36,9,2：4,98,3：4,107
1211,G,3,8,24,25,26,28,43,2：4,114,3：4,157
1212,H,2,16,27,35,40,42,25,2：4,162,3：4,187
1213,E,3,13,22,26,30,39,1,3：3,133,4：3,134
1214,F,2,19,23,30,33,36,40,3：3,143,3：4,183
1215,B,3,6,9,15,21,42,7,4：2,96,5：2,103
1216,I,8,14,25,39,42,43,37,3：3,171,4：3,208
1217,C,14,16,17,34,36,41,25,2：4,158,3：4,183
1218,D,5,8,13,20,28,42,35,2：4,116,3：4,151
1219,J,14,22,24,36,39,42,32,1：5,177,1：6,209
1220,F,9,15,21,23,32,42,14,4：2,142,4：3,156
1221,A,3,10,11,31,33,36,21,4：2,124,5：2,145
1222,H,1,5,7,11,29,39,40,6：0,92,6：1,132
1223,G,12,22,28,30,36,43,34,1：5,171,1：6,205
1224,E,5,18,33,38,41,43,6,4：2,178,4：3,184
1225,C,19,22,25,30,33,34,36,3：3,163,3：4,199
1226,D,7,8,28,34,37,41,13,3：3,155,4：3,168
1227,B,1,8,14,28,40,43,6,2：4,134,2：5,140
1228,F,6,18,19,25,28,40,3,2：4,136,3：4,139
1229,A,10,28,35,37,39,43,16,4：2,192,4：3,208
1230,J,1,2,6,9,17,38,34,3：3,73,3：4,107
1231,I,1,14,16,24,32,36,2,1：5,123,1：6,125
1232,H,5,10,14,31,35,38,16,3：3,133,3：4,149
1233,G,2,7,12,21,29,33,16,4：2,104,4：3,120
1234,E,7,11,16,20,30,40,28,2：4,124,2：5,152
1235,C,8,17,24,34,36,42,33,1：5,161,2：5,194
1236,H,1,3,11,26,38,39,34,4：2,118,4：3,152
1237,B,1,4,6,35,38,40,27,2：4,124,3：4,151
1238,D,8,14,28,29,33,40,32,2：4,152,2：5,184
1239,F,2,19,27,28,30,38,22,2：4,144,2：5,166
1240,A,15,18,22,36,37,39,26,3：3,167,3：4,193
1241,J,4,7,15,17,23,25,8,5：1,91,5：2,99
1242,I,12,22,28,34,37,42,33,1：5,175,2：5,208
1243,B,23,24,32,37,41,42,29,3：3,199,4：3,228
1244,G,10,15,17,18,20,41,35,3：3,121,4：3,156
1245,E,13,15,27,30,31,39,8,5：1,155,5：2,163
1246,C,4,10,11,23,36,37,34,3：3,121,3：4,155
1247,H,4,7,17,18,26,36,35,2：4,108,3：4,143
1248,F,2,6,14,28,34,37,3,1：5,121,2：5,124
1249,D,5,8,15,20,25,27,6,4：2,100,4：3,106
1250,A,3,10,18,22,23,40,27,2：4,116,3：4,143
1251,H,21,28,31,33,34,40,23,3：3,187,4：3,210
1252,J,4,15,18,19,22,29,37,3：3,107,4：3,144
1253,I,1,12,14,24,33,37,15,3：3,121,4：3,136
1254,B,7,8,11,15,36,39,37,4：2,116,5：2,153
1255,A,2,14,15,27,40,43,41,3：3,141,4：3,182
1256,G,2,5,16,32,35,41,25,3：3,131,4：3,156
1257,C,1,11,19,23,32,37,14,5：1,123,5：2,137
1258,E,8,14,20,25,31,41,35,3：3,139,4：3,174
1259,G,10,16,20,26,33,36,41,1：5,141,2：5,182
1260,J,3,8,16,19,25,26,32,3：3,97,3：4,129
1261,F,9,20,26,29,30,34,42,2：4,148,2：5,190
1262,D,4,11,15,20,24,43,10,3：3,117,3：4,127
1263,H,3,8,13,14,31,37,6,4：2,106,4：3,112
1264,A,1,6,27,33,35,43,15,5：1,145,6：1,160
1265,I,5,20,26,27,28,33,12,3：3,139,3：4,151
1266,D,3,12,16,23,25,28,17,3：3,107,4：3,124
1267,B,4,18,31,33,34,41,9,3：3,161,4：3,170
1268,G,8,11,15,22,35,36,30,3：3,127,3：4,157
1269,D,9,10,11,33,39,42,25,4：2,144,5：2,169
1270,J,9,10,24,30,35,40,38,2：4,148,2：5,186
1271,C,1,11,14,27,39,42,32,4：2,134,4：3,166
1272,H,4,9,13,32,37,38,42,3：3,133,3：4,175
1273,F,18,20,22,26,34,37,4,1：5,157,1：6,161
1274,G,3,15,18,23,31,37,34,5：1,127,5：2,161
1275,I,7,19,21,28,40,41,3,4：2,156,5：2,159
1276,A,5,6,9,11,16,35,22,4：2,82,4：3,104
1277,E,12,16,20,22,31,43,33,2：4,144,3：4,177
1278,B,3,4,18,28,34,36,6,1：5,123,1：6,129
1279,D,4,10,16,17,20,24,31,1：5,91,2：5,122
1280,J,1,9,11,21,29,36,7,5：1,107,6：1,114
1281,H,3,7,9,15,29,40,17,5：1,103,6：1,120
1282,C,1,4,10,11,24,28,29,2：4,78,3：4,107
1283,J,1,26,27,30,37,38,4,3：3,159,3：4,163
1284,F,4,14,17,21,24,39,7,3：3,119,4：3,126
1285,E,7,8,13,36,38,42,6,2：4,144,2：5,150
1286,G,11,32,37,39,41,42,43,4：2,202,5：2,245
1287,I,9,21,23,34,37,38,40,4：2,162,4：3,202
1288,A,8,9,19,24,35,43,11,4：2,138,5：2,149
1289,B,6,9,16,24,29,37,3,3：3,121,4：3,124
1290,E,18,24,27,32,35,41,10,3：3,177,3：4,187
1291,D,2,6,8,12,13,17,1,2：4,58,3：4,59
1292,J,1,18,29,30,31,37,35,4：2,146,5：2,181
1293,H,2,5,15,27,30,35,11,4：2,114,5：2,125
1294,B,7,14,18,26,28,39,2,2：4,132,2：5,134
1295,H,14,23,31,37,39,43,32,5：1,187,5：2,219
1296,C,5,11,15,16,23,32,4,4：2,102,4：3,106
1297,A,1,2,7,29,34,42,41,3：3,115,4：3,156
1298,F,4,6,15,22,30,42,7,1：5,119,2：5,126
1299,G,3,12,24,28,38,39,10,2：4,144,2：5,154
1300,I,3,18,25,26,32,33,27,3：3,137,4：3,164
1301,J,6,7,9,16,30,41,22,3：3,109,3：4,131
1302,H,4,7,25,30,34,43,38,3：3,143,3：4,181
1303,J,7,10,24,33,35,42,43,3：3,151,4：3,194
1304,E,6,25,30,38,40,42,17,1：5,181,2：5,198
1305,B,4,6,19,36,38,40,28,1：5,143,1：6,171
1306,D,7,11,23,36,38,41,37,4：2,156,5：2,193
1307,C,6,25,27,28,30,43,14,3：3,159,3：4,173
1308,F,6,9,10,15,34,39,3,3：3,113,4：3,116
1309,A,24,32,34,36,41,43,23,2：4,210,3：4,233
1310,G,9,24,25,27,34,36,14,3：3,155,3：4,169
1311,I,12,23,26,29,36,37,15,3：3,163,4：3,178
1312,B,13,24,25,26,32,39,6,3：3,159,3：4,165
1313,F,5,12,21,31,36,43,27,4：2,148,5：2,175
1314,E,3,10,20,21,27,33,39,4：2,114,5：2,153
1315,H,3,8,23,30,32,40,31,2：4,136,3：4,167
1316,C,6,16,26,35,36,39,14,2：4,158,2：5,172
1317,J,6,10,13,19,32,43,22,3：3,123,3：4,145
1318,A,2,3,7,14,19,41,34,4：2,86,4：3,120
1319,D,9,10,19,21,28,30,43,3：3,117,4：3,160
1320,G,4,6,12,16,17,34,28,1：5,89,1：6,117
1321,E,10,24,31,40,41,43,33,3：3,189,4：3,222
1322,C,2,3,13,28,32,37,7,3：3,115,4：3,122
1323,F,5,6,10,24,29,40,26,2：4,114,2：5,140
1324,I,1,7,8,17,25,42,11,4：2,100,5：2,111
1325,H,8,18,23,26,33,38,34,2：4,146,2：5,180
1326,B,2,3,9,12,30,41,21,3：3,97,4：3,118
1327,J,2,3,13,22,23,30,27,3：3,93,4：3,120
1328,A,7,9,23,32,37,40,41,4：2,148,5：2,189
1329,D,11,15,18,22,37,42,31,3：3,145,4：3,176
1330,G,2,19,24,32,36,43,30,2：4,156,2：5,186
1331,C,2,14,30,31,38,39,26,2：4,154,2：5,180
1332,E,5,15,18,22,33,40,6,3：3,133,3：4,139
1333,A,2,9,15,22,26,35,5,3：3,109,4：3,114
1334,I,1,2,7,14,29,43,40,4：2,96,4：3,136
1335,F,10,16,19,34,35,39,4,3：3,153,3：4,157
1336,H,4,5,11,19,31,34,43,4：2,104,5：2,147
1337,J,3,6,21,28,29,34,15,3：3,121,4：3,136
1338,B,2,6,23,25,30,31,35,3：3,117,4：3,152
1339,D,1,10,15,33,34,42,39,3：3,135,4：3,174
1340,G,6,15,18,20,26,29,9,2：4,114,3：4,123
1341,A,9,12,15,16,26,39,34,3：3,117,3：4,151
1342,F,1,4,9,16,23,31,42,4：2,84,4：3,126
1343,E,2,8,10,12,19,23,16,2：4,74,2：5,90
1344,J,8,16,20,28,37,43,29,2：4,152,3：4,181
1345,A,1,15,26,27,29,33,18,5：1,131,5：2,149
1346,C,5,10,22,27,38,42,36,2：4,144,2：5,180
1347,I,8,10,11,18,36,43,7,2：4,126,3：4,133
1348,H,1,2,14,19,21,33,43,4：2,90,5：2,133
1349,G,2,16,19,32,34,42,33,1：5,145,2：5,178
1350,J,7,8,9,10,20,38,16,2：4,92,2：5,108
1351,C,8,14,18,22,28,29,5,1：5,119,2：5,124
1352,B,5,6,9,15,19,36,22,4：2,90,4：3,112
1353,E,2,11,12,19,21,24,36,3：3,89,3：4,125
1354,A,4,25,27,28,32,41,26,3：3,157,3：4,183
1355,D,5,15,27,29,34,37,12,5：1,147,5：2,159
1356,I,4,6,10,16,24,43,12,1：5,103,1：6,115
1357,F,2,3,8,15,19,28,21,3：3,75,4：3,96
1358,B,9,15,23,27,29,40,28,5：1,143,5：2,171
1359,H,6,8,14,18,25,41,9,2：4,112,3：4,121
1360,J,4,9,10,16,17,42,23,2：4,98,3：4,121
1361,G,3,4,12,18,28,38,32,1：5,103,1：6,135
1362,C,8,16,19,28,36,39,1,2：4,146,3：4,147
1363,G,2,5,23,36,37,41,43,4：2,144,5：2,187
1364,E,5,13,14,16,25,27,3,4：2,100,5：2,103
1365,B,4,7,14,20,31,41,32,3：3,117,3：4,149
1366,D,14,15,17,29,31,39,10,5：1,145,5：2,155
1367,A,3,8,11,14,22,41,34,3：3,99,3：4,133
1368,I,6,11,17,20,34,35,10,3：3,123,3：4,133
1369,C,12,15,25,32,41,43,7,4：2,168,5：2,175
1370,F,8,22,24,30,40,41,2,1：5,165,1：6,167
1371,C,4,5,6,7,24,28,30,2：4,74,2：5,104
1372,H,3,5,10,21,33,39,8,5：1,111,5：2,119
1373,J,1,10,13,18,20,41,11,3：3,103,4：3,114
1374,G,1,4,5,19,23,35,36,5：1,87,5：2,123
1375,E,2,5,21,22,31,38,28,3：3,119,3：4,147
1376,B,2,5,22,31,32,43,27,3：3,135,4：3,162
1377,E,1,7,13,24,40,43,20,4：2,128,4：3,148
1378,D,1,10,15,24,35,43,9,4：2,128,5：2,137
1379,A,1,2,19,21,24,37,32,4：2,104,4：3,136
1380,I,1,3,24,26,29,33,42,4：2,116,4：3,158
1381,C,2,4,5,16,19,38,25,2：4,84,3：4,109
1382,F,8,9,12,25,26,28,32,2：4,108,2：5,140
1383,A,2,4,9,15,18,39,24,3：3,87,3：4,111
1384,H,3,6,13,32,38,43,40,3：3,135,3：4,175
1385,J,9,20,28,35,41,43,23,4：2,176,5：2,199
1386,B,4,11,14,15,20,38,35,2：4,102,3：4,137
1387,J,11,27,29,30,37,38,33,4：2,172,5：2,205
1388,H,9,10,12,15,29,37,11,4：2,112,5：2,123
1389,E,6,16,21,23,26,42,43,2：4,134,3：4,177
1390,D,10,11,13,28,34,39,35,3：3,135,4：3,170
1391,B,3,12,23,31,36,42,43,3：3,147,4：3,190
1392,G,6,9,12,19,40,42,7,2：4,128,3：4,135
1393,I,7,11,26,32,42,43,24,3：3,161,3：4,185
1394,A,8,9,35,36,42,43,22,3：3,173,3：4,195
1395,C,5,16,18,27,30,43,25,3：3,139,4：3,164
1396,F,3,7,11,15,23,41,21,6：0,100,7：0,121
1397,G,9,18,19,21,25,26,7,4：2,118,5：2,125
1398,J,23,29,34,35,40,43,42,4：2,204,4：3,246
1399,A,7,20,21,33,41,43,8,5：1,165,5：2,173
1400,E,8,10,26,31,34,39,36,2：4,148,2：5,184
1401,H,2,13,23,24,25,33,36,4：2,120,4：3,156
1402,C,10,24,26,33,36,42,28,1：5,171,1：6,199
1403,I,1,3,10,27,34,41,22,4：2,116,4：3,138
1404,D,2,17,29,37,38,39,5,4：2,162,5：2,167
1405,A,3,4,6,19,23,24,42,3：3,79,3：4,121
1406,F,20,24,27,29,34,35,43,3：3,169,4：3,212
1407,B,10,13,19,28,33,39,15,4：2,142,5：2,157
1408,G,2,17,24,26,34,43,32,2：4,146,2：5,178
1409,J,5,6,8,20,22,25,13,2：4,86,3：4,99
1410,E,8,14,17,25,36,41,23,3：3,141,4：3,164
1411,C,2,5,7,20,25,28,3,3：3,87,4：3,90
1412,H,2,19,24,25,32,42,8,2：4,144,2：5,152
1413,I,7,13,17,21,24,26,12,4：2,108,4：3,120
1414,D,12,19,21,26,40,41,20,3：3,159,3：4,179
1415,F,1,3,7,34,39,40,33,4：2,124,5：2,157
1416,D,2,9,10,15,24,36,13,2：4,96,3：4,109
1417,I,3,10,25,26,27,31,5,4：2,122,5：2,127
1418,A,4,21,32,35,42,43,15,3：3,177,4：3,192
1419,H,5,10,11,12,21,37,41,4：2,96,5：2,137
1420,E,1,2,14,16,22,28,4,1：5,83,1：6,87
1421,F,2,14,20,23,37,43,30,3：3,139,3：4,169
1422,D,12,14,17,20,24,30,39,1：5,117,2：5,156
1423,B,11,24,29,36,37,42,13,3：3,179,4：3,192
1424,G,6,7,25,26,33,36,19,3：3,133,4：3,152
1425,J,1,24,28,33,35,42,27,3：3,163,4：3,190
1426,C,4,13,17,19,30,43,24,4：2,126,4：3,150
1427,C,1,7,25,26,38,41,31,4：2,138,5：2,169
1428,I,16,18,19,34,35,36,6,2：4,158,2：5,164
1429,F,4,8,13,18,21,23,22,3：3,87,3：4,109
1430,D,4,7,9,12,20,28,3,2：4,80,3：4,83
1431,E,2,27,28,33,38,40,30,2：4,168,2：5,198
1432,J,4,5,15,32,33,43,13,4：2,132,5：2,145
1433,H,3,5,12,16,38,42,6,2：4,116,2：5,122
1434,A,2,20,30,38,39,40,4,1：5,169,1：6,173
1435,B,2,4,16,21,22,40,9,1：5,105,2：5,114
1436,C,3,7,17,18,30,36,33,3：3,111,4：3,144
1437,A,3,11,24,25,37,40,14,4：2,140,4：3,154
1438,G,2,5,6,20,33,38,22,2：4,104,2：5,126
1439,I,11,17,23,28,34,41,4,4：2,154,4：3,158
1440,F,1,7,20,31,41,42,28,4：2,142,4：3,170
1441,E,12,22,24,33,35,42,36,2：4,168,2：5,204
1442,B,12,21,35,36,40,43,39,3：3,187,4：3,226
1443,D,2,4,8,10,22,33,28,1：5,79,1：6,107
1444,J,11,20,24,25,30,37,14,3：3,147,3：4,161
1445,H,3,14,24,29,30,42,21,2：4,142,3：4,163
1446,C,2,5,11,20,21,32,13,3：3,91,4：3,104
1447,E,2,9,12,13,14,22,10,2：4,72,2：5,82
1448,A,10,12,25,29,32,41,40,3：3,149,3：4,189
1449,G,6,19,20,26,34,38,4,1：5,143,1：6,147
1450,I,24,25,26,27,34,36,3,2：4,172,3：4,175
1451,C,2,6,10,20,24,43,34,1：5,105,1：6,139
1452,F,17,19,29,31,37,39,35,6：0,172,7：0,207
1453,B,10,22,26,27,28,41,39,2：4,154,3：4,193
1454,A,3,15,19,34,37,40,41,4：2,148,5：2,189
1455,D,1,10,12,22,34,43,23,2：4,122,3：4,145
1456,J,2,18,19,24,29,31,33,3：3,123,4：3,156
1457,G,1,3,11,17,20,37,29,5：1,89,6：1,118
1458,H,4,16,19,22,26,29,6,2：4,116,2：5,122
1459,E,2,17,19,24,28,29,7,3：3,119,4：3,126
1460,I,3,6,10,15,29,30,4,3：3,93,3：4,97
1461,C,5,7,8,18,22,26,24,2：4,86,2：5,110
1462,F,4,18,19,28,33,36,9,2：4,138,3：4,147
1463,E,18,29,32,34,35,39,36,3：3,187,3：4,223
1464,B,8,13,14,18,29,31,23,3：3,113,4：3,136
1465,A,11,15,16,24,28,38,3,2：4,132,3：4,135
1466,G,6,10,15,18,32,40,35,1：5,121,2：5,156
1467,I,3,14,16,25,26,38,7,2：4,122,3：4,129
1468,D,4,8,15,24,25,31,26,3：3,107,3：4,133
1469,E,4,9,10,13,24,27,22,3：3,87,3：4,109
1470,J,4,8,14,16,39,40,23,1：5,121,2：5,144
1471,G,1,3,8,32,37,43,24,4：2,124,4：3,148
1472,H,1,6,7,9,23,40,43,4：2,86,5：2,129
1473,C,1,5,6,27,33,38,11,4：2,110,5：2,121
1474,F,4,6,8,22,27,32,26,1：5,99,1：6,125
1475,B,6,7,9,20,21,27,2,4：2,90,4：3,92
1476,E,6,22,38,40,41,42,35,1：5,189,2：5,224
1477,A,4,13,14,25,27,32,1,3：3,115,4：3,116
1478,J,7,12,15,21,40,42,32,3：3,137,3：4,169
1479,H,1,20,30,32,35,37,33,3：3,155,4：3,188
1480,I,2,4,5,6,24,34,39,1：5,75,2：5,114
1481,G,3,9,21,31,41,42,18,5：1,147,5：2,165
1482,D,8,26,28,32,41,43,14,2：4,178,2：5,192
1483,A,3,10,20,23,29,43,22,4：2,128,4：3,150
1484,F,4,12,17,18,23,41,28,3：3,115,3：4,143
1485,C,9,10,18,27,28,35,37,3：3,127,4：3,164
1486,J,18,24,29,33,39,42,34,3：3,185,3：4,219
1487,B,5,7,9,17,24,35,36,5：1,97,5：2,133
1488,J,4,10,11,17,34,37,38,3：3,113,3：4,151
1489,H,4,6,11,13,23,32,1,3：3,89,4：3,90
1490,A,7,19,24,29,39,43,11,5：1,161,6：1,172
1491,G,8,11,23,31,34,37,1,4：2,144,5：2,145
1492,D,4,16,18,32,38,42,36,0：6,150,0：7,186
1493,E,11,18,24,27,37,38,15,3：3,155,4：3,170
1494,I,8,15,17,24,26,38,27,2：4,128,3：4,155
1495,F,18,24,32,34,37,41,22,2：4,186,2：5,208
1496,C,5,9,13,16,17,34,37,4：2,94,5：2,131
1497,B,6,22,28,30,35,37,8,2：4,158,2：5,166
1498,A,1,6,7,9,31,37,43,5：1,91,6：1,134
1499,H,10,11,27,28,29,37,13,4：2,142,5：2,155
1500,I,19,21,22,28,29,30,4,3：3,149,3：4,153
1501,J,6,10,13,25,31,38,15,3：3,123,4：3,138
1502,D,1,17,25,28,32,42,26,3：3,145,3：4,171
1503,G,1,8,16,35,40,42,20,2：4,142,2：5,162
1504,E,5,7,9,21,42,43,35,5：1,127,6：1,162
1505,B,1,2,14,15,21,34,19,3：3,87,4：3,106
1506,F,10,12,19,28,35,41,39,3：3,145,4：3,184
1507,J,19,20,22,30,35,43,29,3：3,169,4：3,198
1508,A,9,13,28,29,32,40,41,3：3,151,4：3,192
1509,H,6,11,12,34,36,41,43,2：4,140,3：4,183
1510,E,8,13,17,18,21,38,23,3：3,115,4：3,138
1511,C,11,16,22,24,38,40,6,1：5,151,1：6,157
1512,I,1,11,12,24,32,38,39,2：4,118,3：4,157
1513,E,13,14,18,19,25,42,5,3：3,131,4：3,136
1514,J,11,16,22,29,37,43,14,4：2,158,4：3,172
1515,D,5,9,17,21,27,29,30,6：0,108,6：1,138
1516,G,25,32,34,37,41,42,28,3：3,211,3：4,239
1517,J,14,25,27,30,39,41,8,4：2,176,4：3,184
1518,D,6,15,16,22,36,41,20,2：4,136,2：5,156
1519,B,5,8,20,21,27,43,9,4：2,124,5：2,133
1520,F,1,6,11,13,30,33,4,4：2,94,4：3,98
1521,C,17,21,22,40,41,42,13,3：3,183,4：3,196
1522,I,5,17,21,22,32,35,41,4：2,132,5：2,173
1523,A,2,15,17,25,34,38,27,3：3,131,4：3,158
1524,E,2,3,15,24,30,43,39,3：3,117,4：3,156
1525,A,3,7,20,21,28,32,24,3：3,111,3：4,135
1526,H,4,17,19,21,39,41,36,5：1,141,5：2,177
1527,D,2,5,9,11,27,32,33,4：2,86,5：2,119
1528,G,1,14,17,34,35,37,16,4：2,138,4：3,154
1529,J,3,19,26,28,33,40,1,3：3,149,4：3,150
1530,H,2,5,10,34,37,40,7,2：4,128,3：4,135
1531,B,2,6,7,10,30,33,14,2：4,88,2：5,102
1532,G,2,9,14,16,17,21,34,3：3,79,3：4,113
1533,E,15,22,27,37,38,41,5,4：2,180,5：2,185
1534,F,1,9,18,22,24,43,39,3：3,117,4：3,156
1535,C,1,9,14,30,35,38,32,3：3,127,3：4,159
1536,I,2,5,9,30,37,40,28,3：3,123,3：4,151
1537,B,6,13,14,32,33,37,20,3：3,135,3：4,155
1538,A,8,14,19,33,35,40,38,3：3,149,3：4,187
1539,J,13,29,33,37,41,42,43,5：1,195,6：1,238
1540,H,1,20,25,28,33,37,31,4：2,144,5：2,175
1541,C,12,26,28,32,33,35,41,2：4,166,3：4,207
1542,D,11,12,16,17,20,36,18,2：4,112,2：5,130
1543,F,17,21,26,33,36,38,34,3：3,171,3：4,205
1544,G,3,11,25,26,39,42,34,4：2,146,4：3,180
1545,E,8,14,15,26,37,43,12,3：3,143,3：4,155
1546,C,1,18,19,24,31,40,16,3：3,133,3：4,149
1547,I,4,11,14,17,22,39,21,3：3,107,4：3,128
1548,J,18,24,26,35,39,42,32,2：4,184,2：5,216
1549,B,4,5,27,28,35,41,33,4：2,140,5：2,173
1550,H,8,11,22,32,37,42,41,2：4,152,3：4,193
1551,F,3,14,18,24,38,43,23,2：4,140,3：4,163
1552,E,5,9,15,30,32,39,11,4：2,130,5：2,141
1553,A,7,8,16,32,41,42,31,2：4,146,3：4,177
1554,D,6,14,16,27,40,42,26,1：5,145,1：6,171
1555,B,2,8,17,23,24,27,5,3：3,101,4：3,106
1556,C,10,19,28,30,38,42,18,1：5,167,1：6,185
1557,G,5,21,22,23,26,39,31,4：2,136,5：2,167
1558,I,1,12,25,27,39,42,16,4：2,146,4：3,162
1559,J,4,15,17,20,26,31,43,3：3,113,4：3,156
1560,H,7,19,24,32,40,42,22,2：4,164,2：5,186
1561,F,12,15,26,34,35,38,7,2：4,160,3：4,167
1562,E,2,4,15,16,26,33,25,2：4,96,3：4,121
1563,C,1,12,20,26,35,37,2,3：3,131,3：4,133
1564,A,5,6,18,20,27,37,7,3：3,113,4：3,120
1565,D,5,9,17,28,30,37,27,4：2,126,5：2,153
1566,J,12,13,20,24,30,35,34,2：4,134,2：5,168
1567,G,5,7,19,26,37,40,34,4：2,134,4：3,168
1568,A,2,5,7,10,16,34,14,2：4,74,2：5,88
1569,I,2,8,29,31,32,33,16,3：3,135,3：4,151
1570,B,1,19,22,23,31,36,24,4：2,132,4：3,156
1571,F,1,2,5,25,40,41,26,4：2,114,4：3,140
1572,J,4,6,10,19,28,38,40,1：5,105,1：6,145
1573,H,2,10,16,38,39,43,11,2：4,148,3：4,159
1574,E,1,2,3,20,31,32,13,3：3,89,4：3,102
1575,D,2,8,15,24,32,39,9,2：4,120,3：4,129
1576,G,5,7,10,17,29,32,37,4：2,100,5：2,137
1577,C,13,14,15,28,37,39,4,4：2,146,4：3,150
1578,A,3,15,17,19,21,34,4,5：1,109,5：2,113
1579,I,23,29,32,33,37,42,1,4：2,196,5：2,197
1580,B,5,7,11,12,24,31,3,4：2,90,5：2,93
1581,D,6,12,30,31,41,43,1,3：3,163,4：3,164
1582,F,18,32,35,36,39,41,28,3：3,201,3：4,229
1583,J,5,7,16,34,39,41,29,4：2,142,5：2,171
1584,H,13,15,18,30,37,43,9,4：2,156,5：2,165
1585,E,2,6,10,13,16,32,9,1：5,79,2：5,88
1586,F,2,13,19,27,40,42,14,3：3,143,3：4,157
1587,A,16,21,22,27,36,43,37,3：3,165,4：3,202
1588,G,6,16,27,31,32,34,11,2：4,146,3：4,157
1589,C,11,21,25,31,36,39,32,5：1,163,5：2,195
1590,B,10,12,15,29,33,42,17,3：3,141,4：3,158
1591,I,7,9,18,21,26,43,14,4：2,124,4：3,138
1592,D,4,16,25,30,36,43,19,2：4,154,3：4,173
1593,J,6,17,18,35,37,38,16,3：3,151,3：4,167
1594,F,1,5,6,13,34,36,18,3：3,95,3：4,113
1595,H,16,21,30,32,40,43,15,2：4,182,3：4,197
1596,A,10,15,30,35,42,43,26,3：3,175,3：4,201
1597,B,2,3,8,17,23,32,12,3：3,85,3：4,97
1598,E,9,11,26,28,39,43,1,4：2,156,5：2,157
1599,G,1,2,20,22,35,38,4,2：4,118,2：5,122
1600,C,7,14,22,35,37,39,24,4：2,154,4：3,178
1601,C,6,13,17,18,21,41,37,4：2,116,5：2,153
1602,D,1,2,7,14,32,42,33,2：4,98,3：4,131
1603,J,4,6,32,35,40,42,26,1：5,159,1：6,185
1604,I,12,21,23,36,37,38,6,3：3,167,3：4,173
1605,F,2,5,8,20,29,40,6,2：4,104,2：5,110
1606,H,18,23,25,26,32,34,43,2：4,158,3：4,201
1607,A,10,13,14,15,17,22,40,3：3,91,3：4,131
1608,B,10,18,22,23,25,35,19,3：3,133,4：3,152
1609,G,4,12,16,34,35,41,5,2：4,142,3：4,147
1610,D,1,8,13,22,41,42,40,3：3,127,3：4,167
1611,E,3,14,16,24,32,36,34,1：5,125,1：6,159
1612,C,5,8,12,16,27,38,42,2：4,106,2：5,148
1613,J,9,17,22,25,30,41,15,4：2,144,5：2,159
1614,H,4,5,20,29,40,43,24,3：3,141,3：4,165
1615,F,2,5,6,13,19,29,25,4：2,74,5：2,99
1616,I,1,4,6,21,34,41,12,3：3,107,3：4,119
1617,B,2,19,21,24,26,41,23,3：3,133,4：3,156
1618,G,2,10,14,17,37,43,38,3：3,123,3：4,161
1619,E,3,5,17,20,24,38,13,3：3,107,4：3,120
1620,A,7,15,19,24,25,28,11,4：2,118,5：2,129
1621,D,3,10,22,23,26,39,1,3：3,123,4：3,124
1622,F,16,29,34,35,40,41,26,3：3,195,3：4,221
1623,H,7,12,15,17,19,29,22,5：1,99,5：2,121
1624,J,3,5,17,25,33,39,19,6：0,122,7：0,141
1625,C,1,4,8,11,30,42,9,2：4,96,3：4,105
1626,I,9,11,19,23,30,43,27,5：1,135,6：1,162
1627,F,21,22,23,26,36,38,13,2：4,166,3：4,179
1628,E,1,3,10,12,26,42,13,2：4,94,3：4,107
1629,B,19,23,30,31,32,40,13,3：3,175,4：3,188
1630,G,10,11,24,33,34,36,42,2：4,148,2：5,190
1631,A,7,15,23,26,30,35,36,4：2,136,4：3,172
1632,D,1,9,24,28,31,41,2,4：2,134,4：3,136
1633,C,3,7,9,26,35,36,28,4：2,116,4：3,144
1634,J,18,19,20,23,29,35,17,4：2,144,5：2,161
1635,H,4,8,19,32,36,43,30,2：4,142,2：5,172
1636,F,1,12,24,26,30,36,29,1：5,129,2：5,158
1637,I,2,3,11,16,27,36,29,3：3,95,4：3,124
1638,I,21,25,26,35,39,40,18,4：2,186,4：3,204
1639,H,5,9,13,20,26,32,28,3：3,105,3：4,133
1640,E,8,9,19,21,27,30,17,4：2,114,5：2,131
1641,C,2,5,7,12,16,20,33,2：4,62,3：4,95
1642,B,5,15,16,24,34,39,13,3：3,133,4：3,146
1643,G,10,11,12,15,16,40,33,2：4,104,3：4,137
1644,A,1,9,14,28,32,40,15,2：4,124,3：4,139
1645,D,2,8,13,14,33,40,6,2：4,110,2：5,116
1646,J,3,19,21,29,39,43,25,6：0,154,7：0,179
1647,F,3,8,14,15,19,35,12,4：2,94,4：3,106
1648,E,2,3,22,26,35,42,38,2：4,130,2：5,168
1649,I,8,16,19,23,29,41,1,4：2,136,5：2,137
1650,H,1,3,15,33,39,43,30,6：0,134,6：1,164
1651,C,7,12,15,21,27,32,28,4：2,114,4：3,142
1652,B,8,15,16,23,38,43,2,3：3,143,3：4,145
1653,D,2,7,10,12,29,36,6,2：4,96,2：5,102
1654,G,9,10,14,21,22,33,26,3：3,109,3：4,135
1655,J,21,23,31,38,42,43,40,4：2,198,4：3,238
1656,A,11,12,14,28,36,38,37,1：5,139,2：5,176
1657,F,11,13,16,19,20,38,25,3：3,117,4：3,142
1658,E,10,11,19,29,30,36,37,3：3,135,4：3,172
1659,H,4,10,23,25,37,42,6,3：3,141,3：4,147
1660,C,3,13,29,35,42,43,15,5：1,165,6：1,180
1661,I,6,14,31,35,38,43,12,3：3,167,3：4,179
1662,B,4,17,18,25,26,27,32,3：3,117,3：4,149
1663,D,1,6,19,21,27,39,3,5：1,113,6：1,116
1664,G,7,10,17,20,21,27,15,4：2,102,5：2,117
1665,F,19,22,24,29,34,41,9,3：3,169,4：3,178
1666,J,14,16,26,37,41,43,31,3：3,177,4：3,208
1667,A,5,8,18,25,40,43,17,3：3,139,4：3,156
1668,E,5,16,21,24,31,34,29,3：3,131,4：3,160
1669,H,2,4,13,14,22,29,26,2：4,84,2：5,110
1670,C,1,16,20,23,32,37,18,3：3,129,3：4,147
1671,G,16,27,37,38,39,43,10,4：2,200,4：3,210
1672,I,6,17,22,27,37,42,34,3：3,151,3：4,185
1673,E,24,33,35,36,41,43,21,4：2,212,5：2,233
1674,A,14,19,25,29,33,43,31,5：1,163,6：1,194
1675,B,2,3,17,27,28,34,6,3：3,111,3：4,117
1676,D,5,13,21,27,31,36,11,5：1,133,6：1,144
1677,F,11,20,26,31,34,38,32,2：4,160,2：5,192
1678,J,3,15,17,21,22,23,13,5：1,101,6：1,114
1679,H,10,12,13,21,31,41,27,4：2,128,5：2,155
1680,E,4,19,29,32,35,42,25,3：3,161,4：3,186
1681,F,1,7,11,13,15,42,33,5：1,89,6：1,122
1682,C,6,9,10,21,33,41,14,4：2,120,4：3,134
1683,G,6,15,28,30,32,43,21,2：4,154,3：4,175
1684,I,5,10,26,30,34,40,31,1：5,145,2：5,176
1685,A,1,26,27,28,33,37,8,4：2,152,4：3,160
1686,B,7,8,9,23,25,41,11,5：1,113,6：1,124
1687,F,20,21,23,26,29,35,22,4：2,154,4：3,176
1688,E,2,4,10,24,34,42,8,0：6,116,0：7,124
1689,D,4,7,21,22,34,42,31,2：4,130,3：4,161
1690,C,8,16,21,23,29,37,38,4：2,134,4：3,172
1691,H,13,16,18,29,33,41,26,4：2,150,4：3,176
1692,J,4,8,17,31,37,42,14,3：3,139,3：4,153
1693,G,7,8,21,23,34,36,11,3：3,129,4：3,140
1694,I,2,12,14,26,32,37,29,1：5,123,2：5,152
1695,F,3,8,14,18,28,37,39,2：4,108,3：4,147
1696,A,2,4,13,18,32,35,12,2：4,104,2：5,116
1697,E,2,3,11,12,22,35,26,3：3,85,3：4,111
1698,B,6,16,18,33,42,43,11,2：4,158,3：4,169
1699,D,4,6,16,27,39,42,1,2：4,134,3：4,135
1700,C,11,19,20,27,31,35,6,5：1,143,5：2,149
1701,H,5,8,27,30,33,39,10,4：2,142,4：3,152
1702,J,2,6,7,18,27,38,14,2：4,98,2：5,112
1703,G,14,22,23,30,33,38,18,2：4,160,2：5,178
1704,A,1,5,18,26,39,40,31,3：3,129,4：3,160
1705,I,3,6,9,28,37,41,5,4：2,124,5：2,129
1706,C,13,15,32,35,37,38,25,4：2,170,5：2,195
1707,B,14,16,28,34,35,36,26,1：5,163,1：6,189
1708,F,1,20,29,35,40,41,16,4：2,166,4：3,182
1709,H,3,4,7,20,22,41,5,3：3,97,4：3,102
1710,E,1,2,21,27,32,37,14,4：2,120,4：3,134
1711,J,3,32,33,34,35,40,5,3：3,177,4：3,182
1712,C,1,5,15,24,25,28,14,4：2,98,4：3,112
1713,A,6,32,38,39,40,42,37,1：5,197,2：5,234
1714,B,11,15,20,26,33,42,16,3：3,147,3：4,163
1715,I,2,6,15,16,32,37,25,2：4,108,3：4,133
1716,G,2,26,27,32,38,42,9,1：5,167,2：5,176
1717,B,15,21,23,24,33,36,40,4：2,152,4：3,192
1718,D,1,6,9,15,18,38,10,3：3,87,3：4,97
1719,H,4,11,15,16,35,39,36,4：2,120,4：3,156
1720,E,1,5,18,25,32,38,20,3：3,119,3：4,139
1721,A,7,8,14,17,22,39,30,3：3,107,3：4,137
1722,E,2,5,30,33,36,42,28,2：4,148,2：5,176
1723,F,6,10,15,16,30,38,26,1：5,115,1：6,141
1724,J,6,9,24,26,33,37,16,3：3,135,3：4,151
1725,C,2,10,16,17,20,28,1,1：5,93,2：5,94
1726,H,9,14,16,21,27,43,26,4：2,130,4：3,156
1727,B,3,13,16,22,33,42,15,3：3,129,4：3,144
1728,I,4,8,14,18,26,38,3,0：6,108,1：6,111
1729,G,11,15,24,25,28,31,9,4：2,134,5：2,143
1730,D,4,8,16,21,22,26,23,1：5,97,2：5,120
1731,I,3,7,19,21,32,35,6,5：1,117,5：2,123
1732,A,3,18,19,34,38,42,14,2：4,154,2：5,168
1733,J,22,24,25,27,29,39,7,4：2,166,5：2,173
1734,C,5,6,11,19,28,35,42,4：2,104,4：3,146
1735,F,1,21,24,33,40,41,12,4：2,160,4：3,172
1736,E,6,9,25,26,27,32,11,3：3,125,4：3,136
1737,B,12,14,22,24,29,33,3,2：4,134,3：4,137
1738,I,7,12,20,31,33,43,14,4：2,146,4：3,160
1739,D,1,7,12,36,37,39,41,4：2,132,5：2,173
1740,G,14,21,24,27,31,38,5,3：3,155,4：3,160
1741,H,4,14,17,19,22,42,6,2：4,118,2：5,124
1742,A,16,20,22,29,33,40,25,2：4,160,3：4,185
1743,J,3,17,18,19,20,42,9,3：3,119,4：3,128
1744,F,1,8,21,25,26,35,20,4：2,116,4：3,136
1745,C,7,9,10,21,39,40,32,4：2,126,4：3,158
1746,E,3,11,14,22,27,32,31,3：3,109,4：3,140
1747,D,1,9,11,14,15,40,32,4：2,90,4：3,122
1748,I,8,11,23,28,36,39,6,3：3,145,3：4,151
1749,F,1,4,13,17,31,34,18,4：2,100,4：3,118
1750,B,3,15,18,21,34,40,1,3：3,131,4：3,132
1751,G,1,12,21,24,29,42,32,3：3,129,3：4,161
1752,A,2,5,15,20,22,36,8,2：4,100,2：5,108
1753,E,1,2,4,9,22,25,38,3：3,63,3：4,101
1754,D,3,6,7,19,35,39,21,5：1,109,6：1,130
1755,H,4,11,13,26,27,36,15,3：3,117,4：3,132
1756,E,19,25,29,36,37,41,2,5：1,187,5：2,189
1757,A,6,12,15,35,36,39,42,3：3,143,3：4,185
1758,J,7,14,28,32,42,43,17,2：4,166,3：4,183
1759,I,1,10,25,27,28,33,15,4：2,124,5：2,139
1760,C,8,14,18,38,39,42,30,1：5,159,1：6,189
1761,F,5,7,13,21,23,30,42,5：1,99,5：2,141
1762,B,1,6,7,20,37,40,10,3：3,111,3：4,121
1763,G,2,6,20,30,31,41,11,2：4,130,3：4,141
1764,D,16,21,26,31,39,42,41,3：3,175,4：3,216
1765,J,1,10,15,19,20,32,6,3：3,97,3：4,103
1766,H,16,19,25,26,35,43,38,4：2,164,4：3,202
1767,I,7,15,17,21,32,35,43,5：1,127,6：1,170
1768,A,6,21,30,32,39,40,34,2：4,168,2：5,202
1769,A,4,11,15,19,28,32,34,3：3,109,3：4,143
1770,E,1,11,18,24,37,43,28,4：2,134,4：3,162
1771,C,3,6,12,16,31,42,40,2：4,110,2：5,150
1772,H,5,21,22,30,32,36,16,2：4,146,2：5,162
1773,F,12,21,22,27,31,32,20,3：3,145,3：4,165
1774,J,17,18,26,30,36,40,3,1：5,167,2：5,170
1775,B,4,5,9,26,27,29,43,4：2,100,5：2,143
1776,G,5,11,18,25,33,38,32,4：2,130,4：3,162
1777,D,5,16,19,21,30,35,11,4：2,126,5：2,137
1778,I,9,19,24,25,26,39,34,4：2,142,4：3,176
1779,A,11,13,20,33,35,40,34,4：2,152,4：3,186
1780,E,1,5,19,26,35,37,32,5：1,123,5：2,155
1781,C,10,18,32,39,41,42,12,2：4,182,2：5,194
1782,H,7,31,32,36,39,42,34,3：3,187,3：4,221
1783,F,5,14,19,23,30,42,35,3：3,133,4：3,168
1784,J,3,19,30,32,36,40,42,2：4,160,2：5,202
1785,A,4,11,24,35,37,42,7,3：3,153,4：3,160
1786,G,2,5,6,26,33,35,13,3：3,107,4：3,120
1787,B,2,13,17,19,41,43,1,5：1,135,6：1,136
1788,D,3,14,16,19,26,39,9,3：3,117,4：3,126
1789,I,6,9,16,26,29,34,36,2：4,120,2：5,156
1790,E,6,14,18,22,29,30,36,1：5,119,1：6,155
1791,J,8,9,18,19,30,36,17,2：4,120,3：4,137
1792,C,1,4,16,31,32,41,30,3：3,125,3：4,155
1793,E,1,6,14,15,23,24,42,3：3,83,3：4,125
1794,B,24,29,32,35,36,40,39,2：4,196,3：4,235
1795,H,26,30,31,35,41,43,5,4：2,206,5：2,211
1796,F,2,5,15,16,23,26,32,3：3,87,3：4,119
1797,A,15,23,26,34,41,43,32,4：2,182,4：3,214
1798,G,4,5,19,32,34,37,41,3：3,131,4：3,172
1799,D,11,18,34,40,41,42,14,2：4,186,2：5,200
1800,I,6,12,13,15,17,41,27,4：2,104,5：2,131
1801,J,18,25,26,37,39,43,21,4：2,188,5：2,209
1802,B,1,9,34,35,39,42,33,4：2,160,5：2,193
1803,E,9,16,18,19,39,41,3,4：2,142,5：2,145
1804,E,12,14,18,25,36,42,26,1：5,147,1：6,173
1805,C,4,22,27,31,32,40,35,2：4,156,3：4,191
1806,H,11,30,35,38,40,43,12,3：3,197,3：4,209
1807,F,1,2,8,9,10,20,25,2：4,50,3：4,75
1808,A,2,10,27,38,40,41,11,2：4,158,3：4,169
1809,B,2,5,10,22,24,42,7,1：5,105,2：5,112
1810,D,4,17,26,30,31,43,25,3：3,151,4：3,176
1811,J,2,4,6,13,20,38,33,1：5,83,2：5,116
1812,G,10,13,18,28,36,39,7,2：4,144,3：4,151
1813,I,5,22,26,34,39,42,12,2：4,168,2：5,180
1814,E,1,2,13,21,23,31,5,5：1,91,6：1,96
1815,C,3,8,10,25,26,29,32,3：3,101,3：4,133
1816,H,2,21,25,34,35,40,6,3：3,157,3：4,163
1817,C,6,24,30,33,37,38,7,2：4,168,3：4,175
1818,F,2,11,23,25,34,36,1,3：3,131,4：3,132
1819,J,5,8,18,20,24,34,29,1：5,109,2：5,138
1820,A,5,10,30,35,36,41,23,3：3,157,4：3,180
1821,D,9,11,12,14,27,38,34,3：3,111,3：4,145
1822,E,5,18,21,22,26,42,8,2：4,134,2：5,142
1823,B,4,10,18,25,34,38,40,1：5,129,1：6,169
1824,I,6,7,13,18,25,43,33,4：2,112,5：2,145
1825,F,1,10,13,17,20,41,4,4：2,102,4：3,106
1826,G,7,14,18,19,22,25,38,3：3,105,3：4,143
1827,H,1,13,18,23,38,41,36,4：2,134,4：3,170
1828,I,1,6,9,16,18,22,8,2：4,72,2：5,80
1829,J,12,15,16,17,28,42,32,2：4,130,2：5,162
1830,C,4,10,23,29,31,36,6,3：3,133,3：4,139
1831,A,1,14,17,27,32,43,42,4：2,134,4：3,176
1832,D,2,7,20,25,35,40,6,3：3,129,3：4,135
1833,E,7,13,34,37,42,43,38,4：2,176,4：3,214
1834,C,14,21,30,38,40,42,20,1：5,185,1：6,205
1835,F,11,20,23,24,31,33,1,4：2,142,5：2,143
1836,B,13,17,18,22,23,41,26,4：2,134,4：3,160
1837,H,16,17,27,34,38,42,20,2：4,174,2：5,194
1838,G,3,13,23,28,30,43,5,4：2,140,5：2,145
1839,I,2,5,26,32,34,40,21,1：5,139,2：5,160
1840,J,4,9,15,21,26,33,13,4：2,108,5：2,121
1841,A,8,11,15,31,33,38,30,4：2,136,4：3,166
1842,D,4,6,9,24,26,29,35,2：4,98,3：4,133
1843,B,4,5,10,19,26,37,3,3：3,101,4：3,104
1844,D,12,15,28,31,34,43,9,3：3,163,4：3,172
1845,E,10,22,25,30,31,39,28,3：3,157,3：4,185
1846,I,6,8,15,16,33,37,34,3：3,115,3：4,149
1847,J,18,22,25,35,36,39,43,3：3,175,4：3,218
1848,H,3,23,26,27,31,35,10,5：1,145,5：2,155
1849,I,11,15,17,33,36,41,6,5：1,153,5：2,159
1850,F,1,8,23,30,36,41,39,3：3,139,4：3,178
1851,C,8,9,10,16,17,39,4,3：3,99,3：4,103
1852,A,15,16,24,26,35,43,38,3：3,159,3：4,197
1853,E,11,13,24,26,28,34,17,2：4,136,3：4,153
1854,G,7,8,12,25,30,32,40,2：4,114,2：5,154
1855,B,21,24,26,30,31,38,3,2：4,170,3：4,173
1856,D,4,10,19,31,34,35,43,3：3,133,4：3,176
1857,J,11,16,20,23,38,41,33,3：3,149,4：3,182
1858,H,12,13,17,22,35,40,5,3：3,139,4：3,144
1859,D,1,4,11,28,37,39,15,4：2,120,5：2,135
1860,B,8,15,20,21,31,34,28,3：3,129,3：4,157
1861,F,2,12,13,27,39,40,30,3：3,133,3：4,163
1862,I,25,27,33,37,38,43,16,5：1,203,5：2,219
1863,C,15,20,24,37,38,39,27,3：3,173,4：3,200
1864,A,14,22,28,34,41,42,11,1：5,181,2：5,192
1865,E,3,5,18,21,26,36,34,3：3,109,3：4,143
1866,G,8,19,21,29,38,40,12,3：3,155,3：4,167
1867,H,1,6,17,28,40,42,4,2：4,134,2：5,138
1868,D,3,7,22,23,24,32,2,3：3,111,3：4,113
1869,C,7,8,16,28,36,37,29,2：4,132,3：4,161
1870,J,5,9,13,23,25,40,27,5：1,115,6：1,142
1871,B,7,13,22,24,38,42,14,2：4,146,2：5,160
1872,I,3,18,20,25,34,40,31,2：4,140,3：4,171
1873,F,6,15,26,33,39,41,42,4：2,160,4：3,202
1874,A,13,31,33,36,41,43,29,5：1,197,6：1,226
1875,E,11,15,16,24,38,39,29,3：3,143,4：3,172
1876,G,4,7,17,31,38,43,30,4：2,140,4：3,170
1877,J,1,11,13,16,21,37,6,5：1,99,5：2,105
1878,H,6,8,12,18,32,38,39,0：6,114,1：6,153
1879,D,1,8,14,27,29,37,6,4：2,116,4：3,122
1880,C,9,14,21,31,33,43,30,5：1,151,5：2,181
1881,B,2,9,22,31,33,35,30,4：2,132,4：3,162
1882,I,3,6,11,25,36,43,10,4：2,124,4：3,134
1883,F,3,11,24,25,28,32,5,3：3,123,4：3,128
1884,D,20,25,29,36,38,42,19,2：4,190,3：4,209
1885,A,2,6,7,16,17,41,32,3：3,89,3：4,121
1886,E,1,6,19,25,33,39,15,5：1,123,6：1,138
1887,E,5,7,15,18,36,37,20,4：2,118,4：3,138
1888,H,4,5,6,28,29,39,7,3：3,111,4：3,118
1889,G,7,15,21,27,28,32,24,4：2,130,4：3,154
1890,J,17,21,29,34,41,42,2,4：2,184,4：3,186
1891,C,2,16,23,38,40,43,33,2：4,162,3：4,195
1892,B,7,8,9,19,22,38,24,3：3,103,3：4,127
1893,G,25,31,33,35,37,42,16,5：1,203,5：2,219
1894,D,19,29,36,37,41,42,35,4：2,204,5：2,239
1895,I,6,18,29,33,35,40,1,3：3,161,4：3,162
1896,F,5,12,15,16,28,40,1,2：4,116,3：4,117
1897,J,7,23,27,30,34,36,28,3：3,157,3：4,185
1898,A,5,19,23,26,31,42,32,4：2,146,4：3,178
1899,E,2,4,9,19,33,36,3,3：3,103,4：3,106
1900,C,3,9,29,30,39,42,23,4：2,152,5：2,175
1901,H,14,15,26,28,33,37,4,3：3,153,3：4,157
1902,J,4,7,15,18,35,40,12,3：3,119,3：4,131
1903,B,18,19,23,25,27,32,20,4：2,144,4：3,164
1904,D,14,21,23,24,28,36,7,2：4,146,3：4,153
1905,G,4,5,17,20,29,30,40,3：3,105,3：4,145
1906,I,1,8,21,22,30,42,24,2：4,124,2：5,148
1907,F,10,14,21,23,24,40,28,2：4,132,2：5,160
1908,A,3,9,21,25,42,43,36,5：1,143,5：2,179
1909,J,3,5,7,8,22,27,28,4：2,72,4：3,100
1910,E,2,8,24,29,30,31,6,2：4,124,2：5,130
1911,B,4,8,9,14,16,41,15,2：4,92,3：4,107
1912,A,1,11,24,29,33,34,4,4：2,132,4：3,136
1913,F,2,5,22,23,29,33,17,4：2,114,5：2,131
1914,C,4,10,22,24,36,38,8,0：6,134,0：7,142
1915,H,4,10,14,19,24,40,15,1：5,111,2：5,126
1916,A,5,13,18,23,30,39,33,4：2,128,5：2,161
1917,D,3,12,14,29,30,33,21,3：3,121,4：3,142
1918,E,3,4,5,6,18,20,11,2：4,56,3：4,67
1919,J,5,17,19,21,38,41,6,5：1,141,5：2,147
1920,I,6,10,22,23,31,36,37,2：4,128,3：4,165
1921,H,1,2,13,25,33,41,31,5：1,115,6：1,146
1922,B,3,11,22,31,33,35,13,5：1,135,6：1,148
1923,F,6,7,18,30,34,37,3,2：4,132,3：4,135
1924,A,7,16,18,25,26,27,17,3：3,119,4：3,136
1925,G,5,9,11,18,34,37,22,4：2,114,4：3,136
1926,C,10,13,18,24,34,37,1,2：4,136,3：4,137
1927,D,2,11,18,26,32,36,10,1：5,125,1：6,135
1928,E,2,18,20,24,26,29,22,1：5,119,1：6,141
1929,J,7,10,12,20,40,43,4,2：4,132,2：5,136
1930,I,5,10,19,23,29,37,11,5：1,123,6：1,134
1931,B,9,23,27,30,33,41,4,5：1,163,5：2,167
1932,H,1,5,16,20,24,31,29,3：3,97,4：3,126
1933,J,3,7,9,10,12,30,16,3：3,71,3：4,87
1934,F,6,13,16,20,27,41,30,3：3,123,3：4,153
1935,A,3,8,12,14,17,40,2,2：4,94,2：5,96
1936,F,1,6,19,29,33,35,26,5：1,123,5：2,149
1937,D,1,9,26,28,31,38,8,3：3,133,3：4,141
1938,I,5,9,14,32,39,41,24,4：2,140,4：3,164
1939,H,10,22,26,27,29,37,41,3：3,151,4：3,192
1940,C,2,14,15,25,26,42,9,2：4,124,3：4,133
1941,E,2,12,13,21,23,43,39,4：2,114,5：2,153
1942,J,1,16,18,26,27,35,29,3：3,123,4：3,152
1943,B,10,11,17,25,34,38,9,3：3,135,4：3,144
1944,I,6,11,21,33,39,42,18,4：2,152,4：3,170
1945,D,1,2,4,14,27,43,41,3：3,91,4：3,132
1946,F,8,9,11,27,36,38,18,3：3,129,3：4,147
1947,G,10,24,30,36,37,41,5,2：4,178,3：4,183
1948,A,18,29,30,38,39,43,40,3：3,197,3：4,237
1949,C,12,13,17,28,37,43,27,4：2,150,5：2,177
1950,H,9,20,26,28,30,42,6,1：5,155,1：6,161
1951,J,1,3,6,23,28,35,14,4：2,96,4：3,110
1952,I,24,25,31,32,34,40,12,2：4,186,2：5,198
1953,E,19,23,29,33,36,40,27,4：2,180,5：2,207
1954,B,2,10,15,25,35,37,22,4：2,124,4：3,146
1955,D,11,19,26,28,29,36,1,3：3,149,4：3,150
1956,F,2,19,21,24,35,42,17,3：3,143,4：3,160
1957,G,3,4,5,13,34,42,18,3：3,101,3：4,119
1958,C,1,15,16,20,21,25,19,4：2,98,5：2,117
1959,H,19,20,36,40,41,43,22,3：3,199,3：4,221
1960,A,10,22,27,28,31,32,8,2：4,150,2：5,158
1961,J,11,12,27,28,38,43,10,3：3,159,3：4,169
1962,I,4,8,19,22,32,37,26,2：4,122,2：5,148
1963,B,3,4,20,29,35,38,6,3：3,129,3：4,135
1964,J,2,5,28,33,35,36,34,3：3,139,3：4,173
1965,E,17,18,20,23,33,43,19,4：2,154,5：2,173
1966,D,4,12,25,29,34,36,32,2：4,140,2：5,172
1967,F,3,4,22,26,29,35,37,3：3,119,4：3,156
1968,G,6,13,15,22,35,41,37,4：2,132,5：2,169
1969,C,3,7,12,13,35,38,24,4：2,108,4：3,132
1970,H,11,26,27,31,36,37,42,4：2,168,4：3,210
1971,I,2,6,9,26,32,36,23,1：5,111,2：5,134
1972,H,3,14,27,28,32,36,12,2：4,140,2：5,152
1973,A,7,10,14,27,28,32,4,2：4,118,2：5,122
1974,B,2,6,13,21,24,30,43,2：4,96,3：4,139
1975,J,11,13,15,20,35,42,19,4：2,136,5：2,155
1976,I,4,6,22,30,33,36,2,1：5,131,1：6,133
1977,E,4,14,20,28,29,34,30,1：5,129,1：6,159
1978,D,23,25,26,30,34,35,12,3：3,173,3：4,185
1979,C,15,18,19,21,37,40,17,4：2,150,5：2,167
1980,D,1,2,13,19,35,41,3,5：1,111,6：1,114
1981,F,5,10,15,17,29,41,30,5：1,117,5：2,147
1982,G,20,21,23,28,32,34,6,2：4,158,2：5,164
1983,E,3,18,31,36,37,40,23,3：3,165,4：3,188
1984,H,4,19,28,29,34,40,3,2：4,154,3：4,157
1985,J,1,30,36,37,41,43,33,4：2,188,5：2,221
1986,I,14,20,29,31,41,42,24,3：3,177,3：4,201
1987,A,8,12,25,28,32,42,27,1：5,147,2：5,174
1988,B,6,20,23,24,33,35,27,3：3,141,4：3,168
1989,C,15,17,23,29,35,43,8,6：0,162,6：1,170
1990,D,6,9,15,19,24,40,30,3：3,113,3：4,143
1991,J,1,5,12,16,17,40,4,3：3,91,3：4,95
1992,E,9,11,18,21,27,34,13,4：2,120,5：2,133
1993,F,7,12,13,35,37,42,31,4：2,146,5：2,177
1994,G,10,11,13,16,24,26,12,2：4,100,2：5,112
1995,I,2,4,8,26,27,37,19,2：4,104,3：4,123
1996,C,6,17,26,28,33,34,20,2：4,144,2：5,164
1997,H,5,16,17,28,36,40,14,2：4,142,2：5,156
1998,A,1,4,6,9,20,43,21,3：3,83,4：3,104
1999,B,17,31,34,35,36,38,2,3：3,191,3：4,193
2000,E,1,2,16,21,25,35,22,4：2,100,4：3,122
2001,D,13,21,24,26,34,36,20,2：4,154,2：5,174
2002,J,1,17,19,23,36,42,15,4：2,138,5：2,153
2003,I,1,5,10,13,35,40,39,4：2,104,5：2,143
2004,G,16,18,25,27,31,36,7,3：3,153,4：3,160
2005,H,3,7,18,27,33,34,6,4：2,122,4：3,128
2006,F,4,7,19,22,26,28,33,2：4,106,3：4,139
2007,C,6,18,23,24,30,35,38,2：4,136,2：5,174
2008,A,5,8,9,17,22,36,30,3：3,97,3：4,127
